source,dest,packets,traffic_in_bytes
192.168.100.201,239.192.0.1,918871,1855091270
192.168.63.253,192.168.63.254,510117,245032240
192.168.63.254,192.168.63.253,514559,221628782
209.85.137.4,192.168.129.124,38308,54313238
192.168.63.253,192.168.128.2,10628,9147962
18.155.192.122,192.168.128.220,3117,4620791
45.60.67.13,192.168.128.16,1989,2495728
17.57.154.7,192.168.128.16,1424,1961566
192.168.130.44,192.168.63.253,23674,1800070
172.217.31.164,192.168.128.16,1207,1453981
142.250.196.136,192.168.128.16,1082,1413086
65.8.179.77,192.168.128.16,892,1316044
192.168.63.253,192.168.130.44,16072,1272526
142.250.196.104,192.168.128.16,767,1030986
192.168.129.124,209.85.137.4,15490,1029212
192.168.128.16,45.60.67.13,1220,906455
192.168.128.220,192.168.63.253,5008,796930
182.22.16.123,192.168.128.16,443,612462
192.168.129.173,192.168.63.253,7334,577524
192.168.128.2,192.168.63.253,6938,544874
192.168.63.253,192.168.128.220,3635,463726
192.168.63.253,192.168.128.16,2069,444176
192.168.128.52,192.168.63.253,5620,426866
192.168.63.253,192.168.129.173,4952,412408
192.168.130.224,192.168.63.253,5256,403010
192.168.129.212,192.168.63.253,5204,395122
23.216.153.78,192.168.128.16,252,344492
192.168.63.253,192.168.128.52,3783,335028
192.168.63.253,192.168.130.224,3592,329934
192.168.129.180,192.168.63.253,2834,326352
192.168.128.72,192.168.63.253,4022,324128
23.51.14.147,192.168.128.16,314,317691
192.168.129.248,192.168.63.253,3530,315740
192.168.63.253,192.168.129.248,3518,314438
23.62.20.107,192.168.128.16,354,299952
23.51.14.177,192.168.128.16,264,289219
31.13.82.7,192.168.128.16,258,287235
192.168.63.253,192.168.129.212,3415,278822
192.168.130.208,192.168.63.253,3462,264476
192.168.130.192,192.168.63.253,3384,260866
192.168.129.40,192.168.63.253,3386,255556
23.63.233.9,192.168.128.16,252,252189
192.168.63.253,192.168.128.72,2706,243782
192.168.128.16,192.168.63.253,2128,240772
17.23.18.34,192.168.128.220,246,240322
18.205.208.254,192.168.128.16,243,239577
0.0.0.0,255.255.255.255,678,231866
192.168.131.172,192.168.63.253,3002,231074
192.168.130.196,192.168.63.253,2918,227202
192.168.131.192,192.168.63.253,2880,221214
192.168.131.132,192.168.63.253,2842,215900
192.168.131.16,192.168.63.253,2836,214674
192.168.63.253,192.168.130.192,2341,210000
192.168.130.238,192.168.63.253,2528,209394
192.168.129.88,192.168.63.253,2620,206808
192.168.63.254,255.255.255.255,581,198702
192.168.63.253,192.168.129.180,1878,197802
192.168.63.253,192.168.130.208,2358,187252
192.168.63.253,192.168.129.40,2352,183156
192.168.129.69,192.168.63.253,2326,180624
192.168.63.253,192.168.131.192,1962,177472
192.168.130.196,151.101.195.6,281,175914
192.168.130.196,151.101.67.6,279,175830
192.168.130.196,151.101.131.6,270,175092
192.168.63.253,192.168.130.196,1972,171952
192.168.63.253,192.168.131.172,2048,171470
192.168.63.253,192.168.131.132,2059,169826
192.168.130.196,151.101.3.6,270,164100
192.168.129.24,192.168.63.253,2130,163186
192.168.63.253,192.168.129.88,1776,162410
fe80::89b:5560:4689:df8a,ff02::fb,603,160066
192.168.63.253,192.168.131.16,1904,156956
192.168.128.164,192.168.63.253,898,151708
192.168.63.253,192.168.130.238,1692,151430
192.168.33.184,224.0.0.251,613,143446
192.168.130.0,192.168.63.253,1888,142206
192.168.129.196,192.168.63.253,1478,139958
192.168.63.253,192.168.129.196,1474,139428
192.168.63.253,192.168.129.69,1568,136618
192.168.128.16,172.217.31.164,452,121374
192.168.63.253,192.168.129.24,1478,117546
151.101.1.44,192.168.128.16,120,117274
192.168.129.173,172.224.111.4,206,113304
192.168.130.76,192.168.63.253,1428,110800
192.168.129.184,192.168.63.253,1432,110404
192.168.128.220,18.155.192.122,1368,106279
10.4.128.16,192.168.128.16,180,106200
192.168.33.120,17.57.145.148,80,105442
23.62.20.91,192.168.128.16,217,103214
192.168.63.253,192.168.130.76,996,102740
192.168.63.254,192.168.33.115,123,99746
192.168.63.253,192.168.130.0,1274,99066
23.62.20.102,192.168.128.16,128,95485
192.168.131.16,172.224.180.6,158,91164
192.168.33.115,192.168.63.254,93,90046
192.168.131.16,172.224.111.10,161,86142
192.168.130.44,172.224.110.16,154,85596
18.155.192.75,192.168.128.16,100,81669
192.168.129.173,151.101.3.6,199,80706
192.168.129.173,151.101.67.6,199,80706
192.168.129.173,151.101.131.6,199,80706
192.168.129.173,151.101.195.6,199,80706
192.168.63.253,192.168.128.164,590,79036
192.168.130.104,192.168.63.253,996,78458
192.168.130.156,192.168.63.253,1030,78088
192.168.63.253,192.168.129.184,961,77462
65.8.177.106,192.168.128.16,82,76922
31.13.82.36,192.168.128.16,168,76109
192.168.33.115,17.253.69.207,63,74026
192.168.128.160,192.168.63.253,958,73170
192.168.128.72,17.248.225.44,934,72852
192.168.128.72,17.248.225.29,934,72852
142.250.194.110,192.168.128.16,139,72193
192.168.128.16,35.212.26.181,72,71996
192.168.128.16,35.212.76.96,64,71579
192.168.129.124,192.168.63.253,824,69896
192.168.63.253,192.168.129.124,824,69896
192.168.63.253,192.168.130.104,716,67528
192.168.131.172,192.168.159.254,53,67006
192.168.128.16,17.57.154.7,827,66298
192.168.129.88,172.224.180.3,101,64380
192.168.34.57,192.168.63.254,132,64350
192.168.63.253,192.168.128.160,664,63554
192.168.130.44,172.224.110.6,117,61686
192.168.130.44,172.224.110.5,117,61686
192.168.129.212,17.248.167.68,110,61140
192.168.131.16,172.224.110.8,110,61140
192.168.128.16,103.43.90.19,76,60851
192.168.128.72,17.248.167.73,103,60594
192.168.130.44,172.224.111.4,103,60594
192.168.129.173,172.224.180.131,103,60594
192.168.129.173,172.224.111.14,103,60594
192.168.129.173,172.224.110.5,103,60594
192.168.129.173,172.224.180.4,103,60594
192.168.129.173,172.224.111.12,103,60594
192.168.129.173,172.224.110.6,103,60594
192.168.129.173,172.224.110.16,103,60594
192.168.128.72,17.248.167.88,115,60216
65.8.180.2,192.168.128.16,54,59092
192.168.128.16,147.92.146.114,79,57975
192.168.63.253,192.168.130.156,714,55968
192.168.129.212,17.248.167.88,106,55572
192.168.129.212,17.248.167.85,106,55572
192.168.129.212,17.248.167.56,106,55572
192.168.129.212,17.248.167.71,106,55572
192.168.129.212,17.248.167.102,106,55572
192.168.129.212,17.248.167.101,106,55572
192.168.129.212,17.248.167.55,106,55572
192.168.128.72,17.248.167.106,106,55572
192.168.128.72,17.248.167.70,106,55572
192.168.128.72,17.248.167.89,106,55572
192.168.128.72,17.248.167.41,106,55572
192.168.128.72,151.101.3.6,112,55296
192.168.128.72,151.101.67.6,112,55296
192.168.128.72,151.101.131.6,112,55296
192.168.128.72,151.101.195.6,112,55296
192.168.129.212,172.224.111.4,99,55026
192.168.130.192,192.168.159.254,44,54568
192.168.128.72,172.224.180.3,92,54480
192.168.130.44,172.224.111.7,92,54480
192.168.130.192,17.248.225.70,696,54272
192.168.128.72,17.248.167.55,105,54180
192.168.128.72,17.248.167.90,105,54180
192.168.129.173,172.224.111.10,104,54102
23.217.68.33,192.168.33.115,86,53958
13.227.77.215,192.168.128.16,126,53753
151.101.108.157,192.168.128.16,75,53142
192.168.128.16,23.63.233.9,177,52868
192.168.128.72,17.248.225.64,675,52650
192.168.129.173,172.224.180.138,102,52632
192.168.129.173,172.224.180.3,102,52632
192.168.129.173,172.224.110.7,102,52632
192.168.129.173,172.224.180.6,102,52632
192.168.129.173,172.224.180.5,101,52554
192.168.129.173,172.224.180.9,101,52554
192.168.128.16,23.51.14.147,272,52355
124.146.153.154,192.168.128.16,99,52320
18.173.121.68,192.168.128.16,77,51589
142.251.42.138,192.168.128.16,44,51489
142.250.194.131,192.168.128.16,108,51000
192.168.130.192,17.248.225.29,643,50154
192.168.130.192,17.248.225.44,642,50076
192.168.129.212,172.224.111.14,84,49914
192.168.130.192,17.248.225.68,635,49530
192.168.131.16,172.224.180.7,95,49458
192.168.131.16,172.224.110.9,95,49458
192.168.131.16,172.224.180.135,95,49458
192.168.131.16,172.224.111.8,95,49458
192.168.131.16,172.224.180.131,95,49458
192.168.130.192,17.248.225.65,633,49374
23.217.68.33,192.168.33.247,50,48823
192.168.128.220,17.23.18.34,192,48707
192.168.131.16,172.224.110.7,81,48366
192.168.128.16,142.250.194.110,124,48225
fe80::86e:f2ff:28cb:ffc0,ff02::fb,404,48146
183.79.48.249,192.168.128.16,84,48074
192.168.130.104,17.248.225.29,78,47948
192.168.130.116,192.168.63.253,582,47510
192.168.130.196,17.248.225.44,609,47486
104.21.34.165,192.168.128.16,141,47330
192.168.130.196,17.248.225.29,606,47252
115.127.227.158,192.168.128.16,65,47125
192.168.130.196,17.248.225.14,603,47018
192.168.129.173,17.248.225.14,599,46706
172.217.26.238,192.168.128.16,115,46538
192.168.129.173,17.248.225.67,590,46004
192.168.129.173,17.248.225.29,585,45614
18.155.192.58,192.168.128.16,76,44568
192.168.128.16,142.250.196.136,363,44127
192.168.128.16,124.146.153.154,107,43948
192.168.129.173,17.248.225.44,554,43196
192.168.128.220,17.57.145.151,68,43193
192.168.131.16,172.224.180.3,77,42798
192.168.128.72,172.224.180.138,77,42798
192.168.129.88,172.224.180.4,77,42798
192.168.129.212,172.224.180.131,77,42798
192.168.129.212,172.224.180.4,77,42798
192.168.129.212,172.224.111.12,77,42798
192.168.129.212,172.224.110.16,77,42798
192.168.129.212,172.224.110.5,77,42798
192.168.129.212,172.224.110.6,77,42798
192.168.128.72,17.248.225.70,544,42432
192.168.128.72,172.224.111.10,70,42252
192.168.129.88,172.224.110.16,70,42252
192.168.129.88,172.224.111.8,70,42252
192.168.129.88,172.224.110.4,70,42252
192.168.129.88,172.224.110.18,70,42252
192.168.130.196,151.101.3.52,60,42252
192.168.130.196,151.101.131.52,60,42252
192.168.130.196,151.101.195.52,60,42252
192.168.130.196,151.101.67.52,60,42252
182.22.30.204,192.168.128.16,80,42138
108.139.10.31,192.168.128.220,101,41744
172.217.175.34,192.168.128.16,58,41658
192.168.129.88,172.224.180.133,66,40626
192.168.129.88,172.224.110.19,63,40392
192.168.128.16,23.62.20.111,76,39771
172.217.175.46,192.168.128.16,74,39675
23.51.14.193,192.168.128.16,59,39505
192.168.131.192,17.248.225.14,506,39468
192.168.131.192,17.248.225.29,503,39234
192.168.131.192,17.248.225.44,488,38064
fe80::86e:f2ff:28cb:ffc0,ff02::16,370,38020
103.132.192.30,192.168.128.16,89,37868
192.168.128.16,172.217.26.238,87,37634
192.168.130.44,224.0.0.251,378,37488
192.168.128.16,142.250.194.131,90,37049
192.168.131.132,157.240.209.142,52,36888
192.168.130.224,31.13.82.142,52,36888
192.168.128.16,147.92.191.92,76,36872
192.168.128.220,17.248.167.84,30,36759
192.168.130.76,17.248.225.44,471,36722
192.168.131.16,172.224.180.9,66,36684
192.168.131.16,172.224.180.138,66,36684
192.168.128.72,172.224.110.7,66,36684
192.168.128.72,172.224.180.5,66,36684
192.168.131.16,172.224.180.5,66,36684
192.168.131.16,172.224.111.4,66,36684
192.168.128.72,172.224.180.6,66,36684
192.168.128.72,172.224.111.4,66,36684
192.168.128.72,172.224.180.9,66,36684
192.168.130.44,172.224.180.4,66,36684
192.168.130.44,172.224.111.12,66,36684
192.168.130.44,172.224.111.14,66,36684
192.168.130.44,172.224.180.131,66,36684
192.168.130.76,17.248.225.29,468,36488
192.168.130.76,17.248.225.14,468,36488
192.168.128.16,202.233.84.1,100,36370
65.8.180.82,192.168.128.16,65,36313
3.115.53.205,192.168.128.16,100,35632
192.168.130.196,65.1.18.34,57,35292
202.233.84.1,192.168.128.16,105,35248
192.168.128.16,23.62.20.107,285,34484
192.168.128.16,34.102.157.207,61,34182
192.168.128.16,31.13.82.36,95,34080
192.168.63.253,192.168.130.116,390,34070
192.168.130.76,17.248.225.67,436,33992
13.107.226.46,192.168.128.16,32,33947
192.168.63.253,192.168.159.254,361,33714
108.138.246.13,192.168.128.16,63,33582
192.168.129.69,172.224.111.4,24,33408
182.161.74.48,192.168.128.16,55,32924
192.168.130.196,17.248.225.68,419,32666
192.168.129.200,172.224.111.4,58,32118
192.168.128.16,18.205.208.254,197,32071
142.250.77.162,192.168.128.16,76,32056
23.62.20.111,192.168.128.16,61,32000
34.102.157.207,192.168.128.16,65,31831
192.168.130.196,17.248.225.69,405,31590
142.251.42.130,192.168.128.16,42,31433
182.161.74.17,192.168.128.16,30,31200
192.168.128.72,17.248.225.14,394,30732
192.168.128.16,23.62.20.91,218,30681
192.168.128.72,17.253.145.10,22,30624
192.168.128.72,17.253.150.10,22,30624
192.168.130.224,34.96.106.127,30,30588
192.168.130.224,17.248.167.68,55,30570
192.168.130.224,17.248.167.41,52,30336
192.168.129.88,172.224.110.7,48,30024
192.168.129.88,172.224.180.138,48,30024
192.168.33.120,17.248.225.44,381,29718
192.168.130.44,17.248.225.29,380,29640
192.168.129.200,172.224.111.14,56,29334
68.71.249.74,192.168.128.16,50,29332
192.168.128.16,172.217.175.46,107,29288
192.168.128.220,17.248.167.68,21,29232
192.168.128.220,17.248.167.55,21,29232
182.161.74.19,192.168.128.16,66,29176
192.168.128.16,65.8.179.77,388,29095
192.168.128.16,103.132.192.30,106,28900
192.168.130.224,17.248.167.101,50,28866
192.168.130.44,17.248.225.14,370,28860
192.168.131.172,57.144.152.196,42,28812
192.168.130.224,17.248.167.84,48,28710
192.168.159.254,192.168.63.253,259,28553
192.168.131.172,57.144.152.192,101,28550
3.169.183.128,192.168.128.16,43,28523
142.250.194.142,192.168.128.16,54,28506
192.168.128.16,52.193.218.111,84,28454
192.168.128.16,35.244.205.217,48,28368
192.168.130.196,172.64.69.66,40,28168
192.168.130.196,162.159.196.66,40,28168
192.168.130.196,172.64.68.66,39,28126
192.168.130.196,162.159.194.66,39,28126
151.101.1.91,192.168.128.16,86,27582
192.168.129.212,17.248.225.14,353,27534
192.168.129.212,17.248.225.44,353,27534
192.168.33.120,17.248.225.14,353,27534
192.168.128.16,151.101.64.84,40,27450
192.168.128.16,13.227.77.215,130,27442
192.168.130.224,17.248.167.54,48,27396
192.168.128.16,142.250.196.104,251,27309
57.182.237.220,192.168.128.16,46,27251
192.168.129.212,17.248.225.29,348,27144
192.168.33.120,17.248.225.29,348,27144
fe80::1443:21e7:6a9a:9015,ff02::fb,179,27036
17.248.225.29,192.168.130.104,54,26905
192.168.128.16,182.22.30.204,78,26817
192.168.63.253,192.168.129.200,158,26774
192.168.128.16,4.153.129.168,56,26500
192.168.128.220,17.248.167.86,19,26448
192.168.128.220,17.248.167.73,19,26448
8.8.4.4,192.168.130.104,37,26441
192.168.33.115,17.248.225.29,336,26208
142.250.207.2,192.168.128.16,36,26103
192.168.130.224,17.248.167.105,48,26082
192.168.130.224,17.248.167.43,46,25926
192.168.130.224,17.248.167.70,46,25926
192.168.129.173,17.248.225.68,332,25896
192.168.130.224,17.248.167.75,45,25848
192.168.129.200,172.224.110.6,60,25704
192.168.129.200,172.224.110.5,60,25704
192.168.129.200,172.224.110.16,60,25704
192.168.128.16,151.101.192.84,40,25671
192.168.33.115,17.248.225.44,327,25506
192.168.159.254,192.168.129.124,104,25298
103.43.90.19,192.168.128.16,56,25290
192.168.33.247,172.224.110.11,38,25286
192.168.129.200,172.224.180.131,53,25158
192.168.129.200,172.224.180.4,53,25158
192.168.130.192,17.56.9.32,328,25104
192.168.130.44,172.224.110.19,51,25002
192.168.130.44,172.224.180.3,51,25002
192.168.130.44,172.224.180.136,51,25002
192.168.129.173,17.248.167.88,51,25002
192.168.129.173,17.248.167.41,51,25002
192.168.129.173,17.248.167.90,51,25002
192.168.129.173,17.248.167.55,51,25002
192.168.129.173,17.248.167.73,51,25002
192.168.129.173,17.248.167.70,51,25002
192.168.129.173,17.248.167.106,51,25002
192.168.129.173,17.248.167.89,51,25002
192.168.131.192,31.13.82.174,38,24948
192.168.131.192,57.144.150.34,38,24948
192.168.130.44,172.224.111.16,50,24924
192.168.130.224,151.101.3.6,65,24858
192.168.130.224,151.101.131.6,63,24702
192.168.33.120,64.233.189.108,338,24700
192.168.130.224,151.101.195.6,62,24624
192.168.129.200,172.224.111.12,46,24612
35.244.154.8,192.168.128.16,51,24459
192.168.129.88,172.224.111.10,44,24456
192.168.129.88,172.224.180.5,44,24456
192.168.130.224,17.248.167.89,44,24456
192.168.129.88,172.224.180.9,43,24378
192.168.129.88,172.224.111.4,43,24378
192.168.130.224,17.248.167.69,43,24378
192.168.130.224,17.248.167.38,42,24300
192.168.130.224,17.248.167.53,42,24300
192.168.129.88,172.224.180.6,40,24144
192.168.128.16,183.79.48.249,85,23989
139.99.123.150,192.168.128.16,33,23983
192.168.130.44,172.224.110.11,37,23910
192.168.130.44,172.224.180.10,37,23910
192.168.130.44,172.224.110.15,37,23910
192.168.130.44,172.224.110.20,37,23910
192.168.33.247,172.224.180.137,37,23894
192.168.33.247,172.224.180.7,37,23894
192.168.33.247,172.224.180.4,37,23894
192.168.33.247,172.224.180.3,37,23894
192.168.159.254,192.168.129.248,86,23717
192.168.129.69,172.224.111.14,17,23664
192.168.128.220,17.248.167.57,17,23664
23.62.20.98,192.168.128.16,45,23655
192.168.128.16,23.51.14.177,201,23640
192.168.130.224,151.101.67.6,64,23616
192.168.63.254,192.168.34.57,66,23562
192.168.128.16,182.161.74.19,79,23454
18.140.18.123,192.168.128.16,37,23260
192.168.33.247,172.224.110.12,27,23114
13.112.141.181,192.168.128.16,69,23068
147.92.184.151,192.168.128.16,60,23049
52.198.196.19,192.168.128.16,40,23009
192.168.130.196,192.168.159.254,67,22914
192.168.159.254,192.168.130.196,67,22914
192.168.128.16,142.251.42.170,44,22824
192.168.128.16,18.155.192.75,94,22604
192.168.63.254,192.168.33.120,66,22572
192.168.34.66,239.255.255.250,120,22560
147.92.191.92,192.168.128.16,51,22526
192.168.130.44,172.224.110.4,36,22518
192.168.128.16,3.115.53.205,88,22507
54.251.116.93,192.168.128.16,37,22450
52.193.218.111,192.168.128.16,70,22402
192.168.63.253,192.168.131.140,254,22286
192.168.129.69,172.224.180.131,16,22272
192.168.129.69,172.224.111.12,16,22272
192.168.129.69,172.224.110.16,16,22272
192.168.129.69,172.224.110.6,16,22272
192.168.129.69,172.224.180.4,16,22272
192.168.129.69,172.224.110.5,16,22272
192.168.159.254,192.168.129.69,65,22230
192.168.63.254,192.168.33.201,65,22230
172.217.26.226,192.168.128.16,51,22080
17.253.71.141,192.168.130.104,29,22037
192.168.128.16,13.112.141.181,60,21943
23.217.180.238,192.168.128.16,36,21906
192.168.33.201,192.168.63.254,65,21905
192.168.159.254,192.168.129.88,64,21888
17.8.139.6,192.168.128.220,48,21781
192.168.131.140,192.168.63.253,254,21742
192.168.128.16,142.250.194.142,46,21654
192.168.129.212,17.248.225.69,277,21606
192.168.129.69,192.168.159.254,63,21546
192.168.159.254,192.168.128.72,63,21546
192.168.33.115,224.0.0.251,164,21425
fe80::86e:f2ff:28cb:ffc0,ff02::2,317,21342
192.168.128.220,17.157.64.66,24,21320
23.62.21.155,192.168.128.16,32,21263
69.173.158.64,192.168.128.16,41,21184
23.35.100.27,192.168.128.16,47,21175
192.168.130.44,17.248.225.70,271,21138
192.168.130.192,17.156.192.7,270,21060
192.168.128.220,17.248.167.42,15,20880
192.168.128.16,216.239.38.223,47,20877
192.168.129.88,192.168.159.254,61,20862
8.8.8.8,192.168.128.220,38,20756
192.168.128.16,182.161.74.14,66,20714
192.168.131.140,192.168.159.254,59,20650
192.168.128.52,151.101.67.6,40,20580
192.168.128.52,151.101.131.6,40,20580
192.168.128.52,151.101.3.6,40,20580
192.168.128.52,151.101.195.6,40,20580
192.168.159.254,192.168.129.84,60,20520
192.168.34.66,192.168.63.254,60,20520
192.168.63.254,192.168.34.66,60,20520
192.168.131.192,17.248.225.70,262,20436
192.168.128.16,142.251.42.131,22,20428
216.239.38.223,192.168.128.16,41,20357
192.168.129.84,192.168.159.254,60,20280
192.168.159.254,192.168.131.140,59,20178
192.168.128.72,192.168.159.254,59,20178
192.168.128.16,13.113.0.9,62,20155
192.168.129.248,192.168.159.254,61,20130
151.101.64.84,192.168.128.16,36,20025
142.251.42.170,192.168.128.16,33,20004
fe80::84:1df8:ea7:98d,ff02::fb,166,19848
192.168.129.124,192.168.159.254,60,19800
192.168.128.3,192.168.255.255,195,19647
74.125.23.154,192.168.128.16,42,19645
192.168.33.120,64.233.189.109,273,19630
3.169.183.41,192.168.128.16,32,19501
192.168.33.120,192.168.63.254,57,19494
192.168.128.220,17.248.167.105,14,19488
192.168.128.16,23.52.128.70,33,19477
34.111.123.165,192.168.128.16,63,19473
192.168.128.16,18.173.121.68,79,19401
192.168.128.16,141.226.224.32,66,19377
192.168.129.173,17.248.225.65,246,19172
192.168.128.16,31.13.82.7,63,19117
192.168.128.16,108.138.246.13,81,19061
192.168.128.72,31.13.82.52,26,19052
192.168.128.16,147.92.184.151,72,18961
192.168.128.16,172.217.175.34,43,18819
23.51.14.162,192.168.128.16,22,18792
23.62.185.138,192.168.128.16,24,18779
192.168.128.16,108.138.245.118,28,18779
8.8.8.8,192.168.33.115,27,18750
8.8.4.4,192.168.33.115,27,18750
192.168.33.247,17.57.145.151,37,18570
192.168.128.16,182.161.74.48,60,18509
192.168.128.72,17.248.225.69,237,18486
192.168.159.254,192.168.131.16,54,18468
192.168.159.254,192.168.129.212,54,18468
172.67.163.20,192.168.128.16,51,18386
fe80::10b3:df1:3c5:fcc,ff02::fb,153,18360
192.168.128.72,172.224.110.16,33,18342
192.168.128.16,142.250.77.162,61,18277
192.168.128.72,17.248.225.68,234,18252
192.168.33.115,17.248.225.68,233,18174
182.161.74.14,192.168.128.16,56,18172
192.168.128.220,17.248.225.67,197,18169
192.168.33.120,17.248.225.67,231,18018
151.101.3.6,192.168.33.115,24,17989
192.168.130.224,34.117.67.69,16,17940
192.168.128.16,34.111.123.165,61,17904
::,ff02::16,160,17820
192.168.128.72,172.224.180.136,26,17796
192.168.128.72,172.224.111.16,26,17796
192.168.128.72,172.224.110.6,26,17796
192.168.128.72,172.224.110.19,26,17796
192.168.128.72,172.224.110.5,26,17796
192.168.128.72,172.224.111.7,26,17796
35.244.205.217,192.168.128.16,56,17776
192.168.128.16,151.101.1.91,79,17696
192.168.131.16,192.168.159.254,51,17442
192.168.129.212,192.168.159.254,51,17442
23.62.20.73,192.168.128.16,29,17410
182.22.25.124,192.168.128.16,23,17214
192.168.130.104,17.57.145.26,38,17152
192.168.128.16,69.173.158.64,55,17147
23.62.20.117,192.168.128.16,28,17102
47.130.6.21,192.168.128.16,34,17026
192.168.33.115,17.248.225.14,217,16926
192.168.128.220,17.8.139.6,42,16798
192.168.131.132,17.248.167.41,30,16794
192.168.129.69,172.224.180.5,12,16704
35.212.103.4,192.168.128.16,28,16694
192.168.131.132,17.248.167.90,28,16638
192.168.131.132,17.248.167.59,27,16560
52.223.2.229,192.168.128.16,36,16371
192.168.128.16,47.130.6.21,46,16288
192.168.128.160,151.101.3.6,28,16152
192.168.128.160,151.101.67.6,28,16152
18.176.207.71,192.168.128.16,44,16041
192.168.128.16,142.250.207.2,33,15917
108.138.246.8,192.168.128.16,32,15902
172.217.161.74,192.168.128.16,26,15863
192.168.63.254,192.168.33.184,48,15856
18.244.214.45,192.168.128.16,29,15851
192.168.33.120,17.57.155.39,224,15824
192.168.129.200,192.168.63.253,196,15680
57.155.120.218,192.168.128.16,28,15600
192.168.128.16,3.169.183.128,45,15577
180.222.119.247,192.168.128.16,25,15573
192.168.128.16,104.21.34.165,92,15550
182.22.25.252,192.168.128.16,24,15530
13.113.0.9,192.168.128.16,67,15511
192.168.33.120,17.248.225.68,198,15444
104.17.111.223,192.168.128.16,25,15425
192.168.131.132,17.248.167.88,29,15402
192.168.128.16,54.150.150.157,49,15399
192.168.129.212,17.248.225.70,197,15366
35.72.86.201,192.168.128.16,43,15341
35.78.134.177,192.168.128.16,55,15332
192.168.131.132,17.248.167.57,28,15324
192.168.131.132,17.248.167.74,28,15324
34.49.1.209,192.168.128.16,33,15252
192.168.128.16,182.22.16.123,193,15225
4.153.129.168,192.168.128.16,28,15172
192.168.128.16,65.8.180.82,63,15169
192.168.131.132,17.248.167.42,26,15168
192.168.131.132,17.248.167.103,26,15168
192.168.128.16,3.169.183.41,34,15158
fe80::18d4:133d:a5ae:9bcb,ff02::fb,125,15156
216.58.220.106,192.168.128.16,29,15111
23.62.20.114,192.168.128.16,54,14809
18.239.199.34,192.168.128.16,27,14795
3.169.183.7,192.168.128.16,27,14785
192.168.128.16,18.176.207.71,49,14769
192.168.128.160,151.101.131.6,25,14754
192.168.128.160,151.101.195.6,25,14754
18.173.121.87,192.168.128.16,27,14556
34.111.57.229,192.168.128.16,30,14477
192.168.129.173,224.0.0.251,144,14342
192.168.33.115,17.248.225.70,183,14274
192.168.128.16,74.125.23.154,51,14255
151.101.2.132,192.168.128.16,47,14139
23.54.60.36,192.168.128.16,19,14137
192.168.128.220,17.248.225.44,175,14113
34.192.193.237,192.168.128.16,26,14011
23.106.127.169,192.168.128.16,32,13951
192.168.128.16,142.251.42.130,40,13943
192.168.128.16,202.233.84.10,43,13915
192.168.128.16,151.101.1.44,78,13890
54.150.150.157,192.168.128.16,51,13888
192.168.128.16,34.49.1.209,33,13875
192.168.131.132,17.248.167.72,26,13854
192.168.131.132,17.248.167.73,26,13854
192.168.131.132,17.248.167.39,26,13854
192.168.128.52,224.0.0.251,138,13800
192.168.131.132,17.248.167.106,25,13776
192.168.131.132,17.248.167.105,25,13776
192.168.131.132,17.248.167.55,25,13776
133.237.108.90,192.168.128.16,35,13766
192.168.128.52,17.248.167.106,23,13620
192.168.128.220,17.248.225.65,173,13494
192.168.128.16,115.127.227.158,61,13395
192.168.128.16,162.159.140.229,46,13338
192.168.129.69,17.253.150.10,10,13304
192.168.130.224,31.13.82.52,30,13284
192.168.129.69,17.253.145.10,9,13262
192.168.128.220,17.248.225.70,170,13260
147.92.146.114,192.168.128.16,69,13237
192.168.128.16,172.66.0.227,47,13151
104.18.26.193,192.168.128.16,28,13118
192.168.129.200,172.224.111.7,16,13074
192.168.128.16,172.217.26.226,42,13050
52.11.127.249,192.168.128.16,23,12830
151.101.192.84,192.168.128.16,36,12794
192.168.128.220,108.139.10.31,74,12784
192.168.128.16,207.65.34.80,36,12781
192.168.129.212,172.224.180.9,29,12774
207.65.34.80,192.168.128.16,37,12751
fe80::14c3:77ea:d80e:9601,ff02::fb,105,12548
176.32.88.193,192.168.128.16,36,12514
192.168.129.69,172.217.26.226,19,12510
192.168.128.16,35.244.154.8,41,12490
192.168.129.69,142.251.42.206,19,12474
192.168.128.16,151.101.108.157,63,12471
192.168.128.16,35.72.86.201,42,12453
192.168.128.52,17.248.167.41,24,12384
192.168.128.52,17.248.167.84,24,12384
23.52.128.88,192.168.128.16,32,12327
192.168.130.104,224.0.0.251,121,12256
192.168.129.200,17.248.167.39,22,12228
192.168.129.200,17.248.167.102,22,12228
192.168.129.200,17.248.167.41,22,12228
192.168.129.200,17.248.167.106,22,12228
192.168.129.200,17.248.167.88,22,12228
192.168.129.200,17.248.167.103,22,12228
192.168.129.200,17.248.167.57,22,12228
192.168.129.200,17.248.167.74,22,12228
192.168.129.212,172.224.180.6,22,12228
192.168.129.212,172.224.180.3,22,12228
192.168.129.212,172.224.111.10,22,12228
192.168.129.212,172.224.110.7,22,12228
192.168.129.212,172.224.180.138,22,12228
192.168.129.212,172.224.180.5,22,12228
192.168.33.184,17.248.167.39,22,12228
192.168.128.52,17.248.167.58,22,12228
192.168.131.16,172.224.110.20,22,12228
192.168.131.132,157.240.209.63,16,12192
192.168.130.224,157.240.31.63,16,12192
192.168.130.224,57.144.150.192,16,12192
192.168.128.16,23.35.100.27,34,12107
162.159.140.229,192.168.128.16,49,12095
172.66.0.227,192.168.128.16,49,12026
202.233.84.10,192.168.128.16,38,12022
216.58.220.138,192.168.128.16,28,12019
192.168.128.220,17.248.225.29,139,12006
192.168.130.104,17.248.225.44,23,11937
192.168.128.16,23.62.20.102,129,11937
23.62.20.101,192.168.128.16,28,11892
192.168.128.16,23.62.20.117,35,11852
151.101.67.6,192.168.33.115,14,11850
192.168.128.16,68.71.249.74,53,11845
192.168.128.16,133.237.108.90,36,11822
192.168.131.132,17.248.225.14,151,11778
192.168.131.16,17.248.225.14,151,11762
192.168.131.132,17.248.225.29,150,11700
192.168.33.115,17.248.225.65,150,11700
192.168.131.16,172.224.180.8,15,11682
192.168.131.16,172.224.110.13,15,11682
192.168.131.16,172.224.110.15,15,11682
192.168.131.16,172.224.111.16,15,11682
192.168.131.16,172.224.111.12,15,11682
192.168.128.220,17.253.150.10,23,11661
23.35.101.101,192.168.128.16,32,11658
172.217.174.97,192.168.128.16,16,11655
192.168.159.254,192.168.128.52,34,11628
35.244.159.8,192.168.128.16,24,11621
192.168.131.16,17.248.225.44,148,11528
fe80::1cb4:f1f7:c2fe:5f22,ff02::fb,95,11494
108.139.10.62,192.168.128.16,18,11291
192.168.128.16,151.101.2.132,44,11290
192.168.128.16,176.32.88.193,41,11263
192.168.128.16,216.58.220.138,37,11260
192.168.159.254,192.168.130.104,68,11233
192.168.131.16,17.248.225.29,144,11216
192.168.129.69,172.224.180.9,8,11136
192.168.129.69,172.224.110.7,8,11136
192.168.129.69,172.224.180.3,8,11136
192.168.129.69,172.224.111.10,8,11136
192.168.129.69,172.224.180.6,8,11136
192.168.129.69,172.224.180.138,8,11136
192.168.128.16,216.239.36.223,16,11135
54.65.189.210,192.168.128.16,25,11053
192.168.33.120,34.102.164.249,10,11052
192.168.129.88,31.13.82.36,22,11028
192.168.131.132,17.248.167.102,23,10992
192.168.128.16,23.62.20.101,34,10975
18.178.165.190,192.168.128.16,24,10973
192.168.128.16,23.216.153.78,143,10941
192.168.131.132,157.240.209.16,15,10898
192.168.130.224,34.36.71.42,8,10896
fe80::14b9:1182:e224:de05,ff02::fb,89,10836
23.54.60.26,192.168.128.16,22,10782
142.251.42.206,192.168.128.16,15,10774
141.226.224.32,192.168.128.16,58,10728
192.168.130.238,151.101.3.6,24,10698
192.168.130.238,151.101.67.6,24,10698
192.168.130.238,151.101.131.6,24,10698
192.168.128.16,18.140.18.123,36,10679
192.168.129.69,17.253.71.127,7,10632
192.168.129.69,17.253.71.65,7,10632
192.168.128.16,23.54.60.36,27,10628
192.168.159.254,192.168.129.173,31,10602
192.168.128.52,17.248.167.105,18,10602
192.168.128.160,17.248.167.68,18,10602
192.168.128.160,17.248.167.41,18,10602
192.168.128.160,17.248.167.69,18,10602
192.168.159.254,192.168.129.40,31,10602
192.168.130.238,151.101.195.6,22,10578
fe80::84:1df8:ea7:98d,ff02::16,107,10570
17.248.225.67,192.168.128.220,12,10562
185.84.60.20,192.168.128.16,21,10532
192.168.131.132,17.248.225.44,135,10530
13.107.253.46,192.168.128.16,20,10528
192.168.128.160,17.248.167.87,17,10524
192.168.129.88,57.144.150.1,15,10482
192.168.128.16,23.51.14.193,52,10480
52.69.138.105,192.168.128.16,20,10476
202.233.84.8,192.168.128.16,31,10450
142.250.199.101,192.168.128.16,14,10402
192.168.128.16,57.155.120.218,33,10321
192.168.63.254,192.168.33.247,35,10290
192.168.128.16,142.250.207.35,19,10290
192.168.128.16,23.52.128.88,35,10234
150.171.28.10,192.168.128.16,25,10122
192.168.128.16,104.18.26.193,27,10116
192.168.128.16,35.78.134.177,46,10102
fe80::880:903e:2c5b:e9e5,ff02::fb,74,10035
192.168.129.69,31.13.82.174,14,9954
192.168.129.69,57.144.150.34,14,9954
192.168.128.16,65.8.177.106,76,9924
192.168.128.52,192.168.159.254,29,9918
fe80::42:7ae2:aa1b:cba2,ff02::fb,82,9840
192.168.130.224,34.102.215.99,126,9828
180.210.70.11,192.168.128.16,18,9791
23.52.128.159,192.168.128.16,20,9778
192.168.128.220,17.253.145.10,7,9744
192.168.131.192,224.0.0.251,111,9740
150.171.27.10,192.168.128.16,20,9688
192.168.128.16,18.155.192.58,77,9631
192.168.131.172,57.144.152.141,14,9604
192.168.130.104,8.8.4.4,46,9580
fe80::10b3:df1:3c5:fcc,ff02::16,94,9560
18.142.188.29,192.168.128.16,18,9528
192.168.128.72,31.13.82.142,13,9526
192.168.128.16,139.99.123.150,37,9517
192.168.130.224,224.0.0.251,95,9412
119.8.187.97,192.168.128.16,22,9374
192.168.128.16,23.62.20.98,46,9368
43.206.20.122,192.168.128.16,20,9361
192.168.129.88,17.248.225.44,120,9360
192.168.128.16,23.217.180.238,36,9341
192.168.33.115,23.217.68.33,84,9317
108.138.246.16,192.168.128.16,14,9313
192.168.128.16,18.244.214.45,31,9276
192.168.129.40,192.168.159.254,27,9234
192.168.130.104,17.248.221.2,18,9202
192.168.128.16,34.192.193.237,32,9198
192.168.128.220,34.107.172.168,24,9185
124.83.185.124,192.168.128.16,17,9178
192.168.128.160,17.248.167.55,16,9132
192.168.128.160,17.248.167.36,16,9132
192.168.128.160,17.248.167.54,16,9132
192.168.128.16,23.62.21.155,25,9111
fe80::1844:2097:3257:9265,ff02::fb,76,9098
192.168.128.160,17.248.167.53,15,9054
192.168.131.16,17.248.225.69,116,9032
192.168.130.44,224.0.0.22,150,9000
74.125.23.113,192.168.128.16,13,8983
35.212.76.96,192.168.128.16,59,8951
23.35.100.161,192.168.128.16,15,8908
fe80::ca7:3c49:21f0:240f,ff02::fb,59,8901
192.168.128.16,172.188.170.32,27,8889
172.188.170.32,192.168.128.16,19,8858
192.168.128.16,54.251.116.93,37,8833
192.168.128.16,23.106.127.169,34,8829
192.168.129.88,17.248.225.29,113,8814
23.106.127.170,192.168.128.16,17,8799
fe80::10be:af5d:a02b:a241,ff02::fb,73,8760
192.168.128.16,108.138.246.8,35,8693
52.193.220.118,192.168.128.16,14,8655
192.168.129.124,216.239.32.112,116,8632
35.212.26.181,192.168.128.16,53,8566
192.168.131.16,17.248.225.68,110,8564
fe80::1ca0:af5e:3ac4:9dbb,ff02::fb,70,8532
192.168.128.16,18.173.121.87,32,8498
17.157.64.66,192.168.128.220,21,8481
192.168.128.16,3.169.183.7,31,8477
192.168.128.16,35.213.7.90,22,8475
fe80::89b:5560:4689:df8a,ff02::16,83,8410
192.168.128.2,104.18.22.232,130,8404
151.101.129.91,192.168.128.16,25,8375
192.168.130.44,17.253.71.73,6,8352
192.168.130.44,17.253.145.10,6,8352
192.168.130.44,17.253.71.125,6,8352
192.168.130.44,17.253.150.10,6,8352
192.168.33.115,17.248.225.69,107,8346
192.168.128.2,104.18.23.232,129,8342
172.217.31.170,192.168.128.16,16,8322
192.168.128.16,23.62.20.75,25,8272
23.62.20.79,192.168.128.16,29,8198
142.251.42.174,192.168.128.220,15,8195
23.52.128.70,192.168.128.16,31,8180
192.168.128.16,18.239.199.34,30,8152
192.168.128.16,142.251.42.206,13,8121
151.101.193.44,192.168.128.16,28,8067
192.168.128.16,119.8.187.97,27,8066
23.51.163.113,192.168.128.16,16,8060
192.168.33.115,17.248.225.67,103,8034
192.168.128.16,141.226.231.48,24,8032
192.168.128.16,35.244.159.8,25,7819
192.168.128.16,18.176.63.71,20,7807
192.168.33.247,172.224.180.138,16,7802
fe80::82c:471c:b62e:1a30,ff02::fb,65,7789
::,ff02::1:ffcb:ffc0,90,7740
17.248.225.44,192.168.130.104,21,7734
17.253.150.10,192.168.128.220,9,7689
192.168.33.247,172.224.111.6,14,7662
192.168.130.44,17.248.225.44,98,7644
207.65.34.77,192.168.128.16,19,7611
192.168.128.16,172.67.163.20,45,7610
fe80::1443:21e7:6a9a:9015,ff02::16,76,7580
fe80::14c3:77ea:d80e:9601,ff02::16,73,7550
192.168.129.173,192.168.159.254,22,7524
18.176.63.71,192.168.128.16,14,7483
fe80::8ea:da35:77d2:f31c,ff02::fb,62,7440
108.139.10.104,192.168.128.220,17,7418
192.168.33.115,8.8.4.4,71,7350
192.168.128.16,52.223.2.229,36,7334
192.168.33.115,8.8.8.8,70,7272
192.168.131.172,224.0.0.251,71,7256
142.250.77.170,192.168.128.16,15,7252
192.168.128.16,23.54.60.26,24,7245
34.107.172.168,192.168.128.220,21,7243
192.168.128.16,108.138.246.16,11,7202
192.168.33.120,34.160.231.76,10,7200
192.168.129.212,172.224.111.7,8,7194
192.168.128.16,142.251.42.138,35,7191
192.168.129.212,17.248.225.68,92,7176
192.168.128.16,23.62.20.114,68,7134
192.168.129.212,172.224.111.11,7,7116
192.168.129.212,172.224.110.11,7,7116
192.168.129.212,172.224.180.7,7,7116
34.111.113.62,192.168.128.16,16,7114
192.168.33.115,151.101.3.6,20,7070
192.168.129.212,172.224.180.10,6,7038
192.168.129.212,172.224.110.20,6,7038
192.168.129.212,172.224.110.18,6,7038
192.168.128.16,103.86.99.108,85,6984
192.168.129.69,172.224.180.7,5,6960
192.168.129.200,17.248.167.75,5,6960
192.168.129.200,172.224.180.9,5,6960
192.168.129.200,172.224.111.13,5,6960
192.168.129.200,172.224.111.5,5,6960
192.168.129.200,172.224.110.8,5,6960
192.168.129.200,172.224.180.6,5,6960
192.168.129.200,172.224.111.8,5,6960
192.168.129.173,17.253.60.161,5,6960
192.168.129.173,17.253.145.10,5,6960
192.168.129.173,17.253.60.141,5,6960
192.168.129.173,17.253.150.10,5,6960
192.168.129.88,162.159.194.66,5,6960
192.168.128.16,35.73.249.68,23,6928
192.168.131.16,151.101.3.6,14,6912
192.168.131.16,151.101.67.6,14,6912
192.168.131.16,151.101.131.6,14,6912
192.168.131.16,151.101.195.6,14,6912
192.168.128.16,74.125.23.156,18,6902
74.125.23.156,192.168.128.16,14,6899
142.250.207.35,192.168.128.16,17,6896
fe80::4c1:291e:f7eb:572e,ff02::fb,50,6870
141.226.231.48,192.168.128.16,19,6866
192.168.33.184,192.168.63.254,20,6840
192.168.159.254,192.168.129.196,20,6840
142.250.194.106,192.168.128.16,18,6839
35.201.98.24,192.168.128.16,16,6825
192.168.33.120,17.111.103.83,89,6814
192.168.130.224,34.160.231.76,5,6810
108.138.245.118,192.168.128.16,15,6797
192.168.128.16,74.125.23.113,10,6789
192.168.131.172,17.248.225.29,87,6770
192.168.128.52,17.248.167.68,19,6738
35.73.249.68,192.168.128.16,25,6716
192.168.128.16,108.139.10.62,15,6691
192.168.128.16,202.233.84.8,27,6679
34.36.131.60,192.168.128.16,18,6653
17.248.221.2,192.168.130.104,15,6649
fe80::18d4:133d:a5ae:9bcb,ff02::16,66,6640
34.98.64.218,192.168.128.16,19,6635
192.168.33.247,17.248.225.29,85,6630
192.168.63.254,192.168.34.56,21,6622
192.168.128.16,18.142.188.29,21,6610
216.239.38.21,192.168.128.16,19,6601
fe80::4ec:c184:ed7c:a269,ff02::fb,55,6600
192.168.129.196,192.168.159.254,20,6600
192.168.128.16,216.58.220.106,18,6587
192.168.33.184,17.248.167.88,17,6582
192.168.128.16,172.217.161.74,27,6519
192.168.128.16,34.111.57.229,28,6505
192.168.33.184,17.248.167.102,16,6504
192.168.128.52,8.8.8.8,84,6488
192.168.128.52,8.8.4.4,84,6488
192.168.128.16,180.222.119.247,27,6482
192.168.128.16,151.101.129.91,24,6441
151.101.66.132,192.168.128.16,14,6411
192.168.129.200,17.248.225.14,83,6410
192.168.128.16,103.86.96.108,78,6400
192.168.128.16,150.171.28.10,20,6387
18.173.117.231,192.168.128.16,14,6369
192.168.128.16,23.35.101.101,27,6353
192.168.128.52,17.248.167.54,14,6348
210.161.21.14,192.168.128.16,11,6341
192.168.128.16,13.107.226.46,24,6326
192.168.128.220,142.251.42.174,16,6322
192.168.128.16,151.101.193.44,26,6306
192.168.128.52,17.248.167.89,13,6270
192.168.33.115,216.239.32.29,80,6240
192.168.33.115,142.250.196.131,80,6240
192.168.33.120,34.102.215.99,80,6240
192.168.128.16,13.107.253.46,20,6238
3.169.182.161,192.168.128.16,12,6237
192.168.130.192,224.0.0.251,55,6237
192.168.33.115,151.101.67.6,14,6229
23.62.20.75,192.168.128.16,17,6228
192.168.129.69,17.248.225.14,80,6224
192.168.129.69,17.248.225.29,80,6224
192.168.129.24,224.0.0.251,62,6200
192.168.130.0,224.0.0.251,62,6200
35.212.40.129,192.168.128.16,14,6173
17.57.145.26,192.168.130.104,20,6138
192.168.33.184,17.248.167.103,11,6114
192.168.33.184,17.248.167.59,11,6114
192.168.33.184,17.248.167.106,11,6114
192.168.33.184,17.248.167.42,11,6114
192.168.33.184,17.248.167.74,11,6114
192.168.33.184,17.248.167.41,11,6114
192.168.33.184,17.248.167.73,11,6114
192.168.33.184,17.248.167.57,11,6114
192.168.33.184,17.248.167.90,11,6114
192.168.33.184,172.224.180.5,11,6114
192.168.33.184,172.224.111.8,11,6114
192.168.33.184,17.248.167.72,11,6114
192.168.33.184,172.224.110.8,11,6114
192.168.33.184,17.248.167.105,11,6114
192.168.33.184,172.224.110.5,11,6114
192.168.128.52,17.248.167.91,11,6114
192.168.128.52,17.248.167.36,11,6114
192.168.129.200,172.224.111.16,11,6114
192.168.130.224,172.224.180.132,11,6114
192.168.130.224,172.224.111.11,11,6114
192.168.130.224,172.224.111.6,11,6114
192.168.130.224,172.224.180.10,11,6114
192.168.130.224,172.224.110.6,11,6114
192.168.130.224,172.224.111.14,11,6114
192.168.130.224,172.224.180.9,11,6114
192.168.130.224,172.224.111.4,11,6114
192.168.130.224,172.224.180.6,11,6114
192.168.130.224,172.224.110.8,11,6114
192.168.130.224,172.224.111.13,11,6114
192.168.128.52,17.248.167.86,11,6114
192.168.128.52,17.248.167.40,11,6114
192.168.130.196,17.248.167.39,11,6114
192.168.130.196,17.248.167.43,11,6114
192.168.130.196,17.248.167.74,11,6114
192.168.130.196,17.248.167.70,11,6114
192.168.130.196,17.248.167.104,11,6114
192.168.130.196,17.248.167.103,11,6114
192.168.130.196,17.248.167.53,11,6114
192.168.130.196,17.248.167.69,11,6114
192.168.128.72,17.248.167.69,11,6114
192.168.128.72,17.248.167.72,11,6114
192.168.128.72,17.248.167.54,11,6114
192.168.128.72,17.248.167.84,11,6114
192.168.128.72,17.248.167.87,11,6114
192.168.128.72,17.248.167.59,11,6114
192.168.128.72,17.248.167.103,11,6114
192.168.129.88,17.248.167.55,11,6114
147.92.146.138,192.168.128.16,15,6095
192.168.128.16,57.182.237.220,54,6091
192.168.128.16,207.65.34.77,18,6090
17.253.71.135,192.168.130.104,15,6051
192.168.33.184,172.224.110.7,10,6036
192.168.33.184,172.224.180.10,10,6036
192.168.128.16,150.171.27.10,16,6004
172.217.161.42,192.168.128.16,20,5972
192.168.128.16,23.35.100.161,18,5967
192.168.33.184,17.248.167.55,9,5958
17.57.145.151,192.168.128.220,29,5947
192.168.130.224,8.8.8.8,76,5925
192.168.128.16,124.146.153.151,15,5922
192.168.128.16,18.178.165.190,20,5921
192.168.128.16,23.52.128.159,23,5918
192.168.128.16,23.106.127.170,21,5905
192.168.128.16,54.65.189.210,20,5903
192.168.128.16,43.206.20.122,20,5894
192.168.130.196,173.194.174.108,77,5894
192.168.130.196,173.194.174.109,77,5894
192.168.128.16,35.201.98.24,18,5889
192.168.128.16,23.51.163.113,20,5888
192.168.128.16,52.193.220.118,19,5882
192.168.128.16,172.217.161.42,13,5853
192.168.33.247,17.248.225.14,75,5850
17.253.71.149,192.168.128.220,13,5850
192.168.128.160,224.0.0.251,65,5820
35.213.7.90,192.168.128.16,23,5796
192.168.128.16,180.210.70.11,22,5773
192.168.130.224,8.8.4.4,74,5772
192.168.128.72,17.111.103.20,75,5754
124.146.153.164,192.168.128.16,14,5748
192.168.128.16,34.111.113.62,18,5738
fe80::1033:ea9f:5050:e2de,ff02::fb,48,5732
fe80::1cb4:f1f7:c2fe:5f22,ff02::16,59,5730
192.168.128.16,182.22.25.252,23,5726
34.36.216.150,192.168.128.16,16,5714
18.177.227.174,192.168.128.16,15,5708
192.168.128.16,124.146.153.164,14,5698
192.168.130.224,34.110.200.237,7,5682
192.168.130.238,224.0.0.251,57,5678
192.168.128.220,8.8.8.8,47,5672
192.168.128.16,65.8.180.2,48,5656
192.168.128.16,172.217.174.97,12,5654
192.168.128.16,34.98.64.218,19,5645
fe80::1427:ab45:78c1:8045,ff02::fb,47,5618
192.168.129.69,17.111.103.20,73,5614
192.168.128.16,185.84.60.20,21,5613
192.168.128.16,34.36.131.60,18,5606
192.168.33.120,34.110.200.237,6,5604
124.146.153.151,192.168.128.16,11,5584
192.168.129.200,172.224.110.20,4,5568
192.168.129.200,172.224.180.7,4,5568
192.168.129.200,172.224.180.10,4,5568
192.168.129.200,172.224.111.11,4,5568
192.168.129.69,17.248.225.44,71,5522
192.168.128.72,142.250.207.3,11,5514
192.168.128.16,178.249.213.26,15,5498
192.168.128.16,216.239.38.21,19,5476
192.168.128.16,124.83.185.124,19,5463
192.168.33.120,34.36.71.42,4,5448
192.168.130.224,34.102.164.249,4,5448
192.168.128.16,52.198.196.19,43,5439
192.168.128.16,34.36.216.150,17,5419
192.168.128.16,18.177.227.174,16,5415
192.168.33.120,224.0.0.251,54,5400
192.168.33.247,17.248.225.44,69,5382
192.168.130.208,224.0.0.251,53,5354
192.168.159.254,192.168.128.16,15,5324
192.168.129.200,17.248.225.44,69,5318
fe80::1439:fb62:b039:ea75,ff02::fb,38,5305
192.168.131.192,8.8.4.4,68,5304
192.168.131.192,8.8.8.8,68,5304
192.168.130.104,17.248.167.68,6,5296
192.168.128.220,17.248.167.52,6,5276
192.168.128.16,18.173.117.231,17,5261
192.168.129.84,192.168.63.253,60,5240
192.168.63.253,192.168.129.84,60,5240
192.168.129.212,17.248.225.64,67,5226
192.168.33.247,224.0.0.251,40,5209
fe80::10b3:df1:3c5:fcc,ff02::2,77,5182
192.168.129.200,17.248.225.29,67,5162
192.168.128.16,151.101.66.132,14,5162
192.168.129.88,17.248.225.14,66,5148
192.168.128.52,17.248.167.55,15,5112
192.168.128.16,3.169.182.161,15,5105
192.168.33.247,23.217.68.33,27,5089
182.161.74.47,192.168.128.16,12,5063
192.168.128.72,17.42.251.72,66,5052
192.168.128.72,17.42.251.69,66,5052
17.57.145.151,192.168.33.247,17,5036
192.168.128.16,35.212.103.4,28,5026
192.168.129.184,224.0.0.251,43,5016
23.52.128.21,192.168.128.220,10,5001
fe80::14c3:77ea:d80e:9601,ff02::2,74,4988
192.168.130.104,17.248.225.14,4,4968
192.168.128.16,142.250.77.170,18,4898
192.168.33.247,17.248.167.42,12,4878
192.168.34.56,224.0.0.251,54,4852
23.62.20.90,192.168.128.16,10,4843
192.168.130.104,17.253.71.135,18,4786
192.168.33.247,17.248.225.67,61,4758
192.168.33.247,17.253.69.196,61,4758
178.249.213.26,192.168.128.16,14,4744
192.168.131.132,224.0.0.251,47,4652
192.168.129.200,172.224.110.11,9,4644
192.168.33.184,172.224.111.12,9,4644
192.168.33.184,172.224.180.9,9,4644
192.168.130.224,172.224.111.7,9,4644
192.168.130.224,172.224.111.8,9,4644
192.168.130.224,172.224.111.5,9,4644
192.168.130.104,17.57.12.34,14,4626
147.92.191.146,192.168.128.16,10,4609
192.168.131.172,17.248.225.44,59,4586
17.253.71.131,192.168.130.104,7,4585
fe80::14b9:1182:e224:de05,ff02::16,46,4580
192.168.128.52,17.248.167.42,8,4566
192.168.128.52,17.248.167.39,8,4566
192.168.128.52,172.224.180.133,8,4566
192.168.128.52,172.224.111.7,8,4566
192.168.128.52,172.224.110.6,8,4566
17.57.12.34,192.168.130.104,12,4542
fe80::42:7ae2:aa1b:cba2,ff02::16,46,4540
192.168.33.120,17.248.225.70,58,4524
fe80::84:1df8:ea7:98d,ff02::2,67,4514
192.168.128.52,17.248.167.72,7,4488
192.168.128.52,17.248.167.90,7,4488
192.168.128.52,17.248.167.59,7,4488
192.168.130.224,17.248.167.106,7,4488
192.168.130.224,17.248.167.58,7,4488
192.168.130.224,17.248.167.40,7,4488
192.168.130.224,17.248.167.86,7,4488
192.168.128.52,172.224.111.16,7,4488
192.168.128.52,172.224.110.11,7,4488
192.168.128.52,172.224.180.137,7,4488
192.168.128.52,172.224.180.3,7,4488
192.168.128.16,35.212.40.129,16,4488
192.168.128.72,17.253.69.204,57,4446
192.168.159.254,192.168.131.192,13,4446
192.168.159.254,192.168.131.172,13,4446
192.168.129.180,192.168.159.254,13,4446
192.168.159.254,192.168.129.180,13,4446
192.168.128.16,104.17.111.223,28,4438
192.168.128.52,17.248.167.73,6,4410
192.168.128.52,172.224.111.14,6,4410
192.168.128.220,224.0.0.251,41,4397
192.168.128.16,182.161.74.17,24,4304
192.168.129.88,151.101.3.6,54,4212
192.168.129.88,151.101.67.6,54,4212
192.168.129.88,151.101.131.6,54,4212
192.168.129.88,151.101.195.6,54,4212
192.168.129.248,216.58.220.110,8,4212
192.168.129.200,172.224.110.18,3,4176
17.57.145.54,192.168.33.115,8,4147
192.168.130.196,17.253.71.147,53,4134
10.4.128.220,192.168.128.220,7,4130
fe80::89b:5560:4689:df8a,ff02::2,61,4110
fe80::82c:471c:b62e:1a30,ff02::16,41,4110
192.168.129.200,17.248.225.67,53,4086
192.168.129.200,17.248.225.68,53,4086
17.57.145.151,192.168.33.115,7,4083
17.57.145.132,192.168.33.115,7,4082
192.168.129.69,17.248.225.68,52,4040
192.168.128.16,23.62.20.73,36,4030
fe80::1ca0:af5e:3ac4:9dbb,ff02::16,39,3990
17.248.225.44,192.168.128.220,5,3928
192.168.128.16,23.62.20.79,41,3907
192.168.129.88,17.56.12.41,50,3900
192.168.33.247,17.248.225.70,50,3900
192.168.129.69,17.248.225.69,50,3900
fe80::8ea:da35:77d2:f31c,ff02::16,39,3890
17.57.145.148,192.168.33.120,53,3887
192.168.63.253,192.168.131.164,12,3798
192.168.131.192,255.255.255.255,11,3762
192.168.159.254,192.168.129.24,11,3762
192.168.130.208,192.168.159.254,11,3762
192.168.159.254,192.168.130.208,11,3762
192.168.128.16,23.62.185.138,18,3757
fe80::10be:af5d:a02b:a241,ff02::16,37,3750
192.168.131.172,17.248.225.14,48,3744
192.168.131.172,17.248.225.69,48,3728
192.168.33.115,151.101.131.6,3,3726
192.168.128.16,172.217.31.170,19,3694
fe80::1443:21e7:6a9a:9015,ff02::2,54,3628
fe80::4c1:291e:f7eb:572e,ff02::16,35,3530
192.168.128.16,210.161.21.14,10,3524
192.168.130.192,8.8.8.8,46,3518
17.248.167.68,192.168.130.104,10,3515
17.248.167.52,192.168.128.220,10,3515
192.168.129.200,17.138.222.129,45,3510
192.168.130.76,151.101.3.6,45,3510
192.168.130.76,151.101.67.6,45,3510
192.168.130.76,151.101.131.6,45,3510
192.168.130.76,151.101.195.6,45,3510
192.168.129.40,224.0.0.251,35,3478
192.168.159.254,192.168.130.192,10,3420
192.168.130.104,255.255.255.255,10,3420
192.168.129.24,255.255.255.255,10,3420
192.168.128.16,182.161.74.47,14,3402
192.168.130.192,8.8.4.4,44,3368
192.168.130.76,8.8.8.8,44,3368
192.168.130.76,8.8.4.4,44,3368
192.168.129.88,17.111.103.20,44,3368
fe80::42c:1442:3878:7cc7,ff02::fb,28,3360
192.168.33.247,17.248.167.72,9,3330
fe80::187b:419a:d069:4877,ff02::fb,25,3303
fe80::18d4:133d:a5ae:9bcb,ff02::2,49,3302
192.168.128.16,142.250.194.106,19,3290
192.168.130.196,182.248.170.225,43,3290
fe80::880:903e:2c5b:e9e5,ff02::16,31,3290
192.168.129.88,17.253.71.147,42,3276
192.168.129.88,17.253.71.136,42,3276
192.168.130.76,17.248.225.68,42,3276
fe80::cfe:9ed9:2b4e:2a6c,ff02::fb,27,3240
192.168.130.224,17.248.225.29,41,3198
192.168.33.247,17.248.167.55,7,3174
192.168.129.200,17.156.192.7,41,3150
192.168.129.200,17.56.9.32,41,3150
17.248.167.84,192.168.128.220,8,3133
192.168.129.88,17.248.225.69,40,3120
192.168.129.200,17.253.69.203,40,3120
192.168.129.173,255.255.255.255,9,3078
192.168.159.254,192.168.130.0,9,3078
192.168.131.192,151.101.131.6,39,3042
192.168.128.72,17.253.69.196,39,3042
192.168.131.172,17.248.225.67,39,3026
192.168.131.164,172.224.180.137,5,3018
192.168.130.224,17.248.167.85,5,3018
192.168.131.132,172.224.180.4,5,3018
192.168.131.132,17.248.167.54,5,3018
192.168.129.173,224.0.0.22,50,3000
192.168.131.192,151.101.67.6,38,2964
192.168.131.192,151.101.195.6,38,2964
192.168.128.72,17.253.71.143,38,2964
192.168.128.220,108.139.10.104,15,2958
192.168.130.104,17.253.71.141,16,2952
192.168.131.164,172.224.110.20,4,2940
192.168.131.164,172.224.110.14,4,2940
192.168.131.164,172.224.180.5,4,2940
192.168.131.164,172.224.180.3,4,2940
192.168.131.132,172.224.180.131,4,2940
192.168.130.224,17.248.167.55,4,2940
192.168.131.132,17.248.167.53,4,2940
192.168.130.224,17.248.167.102,4,2940
192.168.131.132,172.224.110.16,4,2940
192.168.131.132,17.248.167.87,4,2940
192.168.130.224,17.248.167.71,4,2940
192.168.131.132,172.224.110.5,4,2940
192.168.130.224,17.248.167.88,4,2940
192.168.131.132,172.224.110.6,4,2940
192.168.131.132,17.248.167.36,4,2940
192.168.128.160,172.224.180.135,4,2940
192.168.128.160,172.224.111.10,4,2940
192.168.128.160,172.224.110.9,4,2940
192.168.129.212,224.0.0.251,26,2918
fe80::1427:ab45:78c1:8045,ff02::16,29,2910
fe80::1844:2097:3257:9265,ff02::16,29,2890
192.168.33.115,23.208.236.42,37,2886
192.168.131.172,17.248.225.68,37,2886
192.168.130.224,17.248.225.68,37,2886
192.168.128.72,17.248.225.65,37,2886
192.168.33.184,17.248.225.29,37,2870
192.168.33.184,17.248.225.44,37,2870
192.168.131.164,172.224.110.18,3,2862
192.168.130.224,17.248.167.56,3,2862
192.168.128.160,172.224.111.8,3,2862
192.168.128.16,52.11.127.249,20,2824
192.168.129.212,17.253.71.150,36,2808
192.168.128.160,8.8.8.8,36,2808
192.168.128.160,8.8.4.4,36,2808
192.168.131.132,151.101.131.6,6,2796
192.168.131.132,151.101.195.6,6,2796
192.168.33.184,17.248.225.14,36,2792
192.168.128.16,182.22.25.124,22,2784
192.168.128.52,224.0.0.22,46,2760
192.168.128.16,147.92.146.138,16,2745
192.168.129.69,52.220.188.161,36,2744
192.168.159.254,192.168.130.44,8,2736
192.168.159.254,192.168.128.160,8,2736
192.168.130.0,255.255.255.255,8,2736
192.168.131.132,192.168.159.254,8,2736
192.168.159.254,192.168.131.132,8,2736
192.168.33.120,71.18.252.203,12,2728
192.168.131.132,151.101.3.6,5,2718
192.168.131.132,151.101.67.6,5,2718
192.168.129.200,182.248.170.225,35,2666
192.168.129.69,17.57.152.35,35,2666
192.168.129.69,17.57.152.32,35,2666
192.168.129.69,17.253.71.150,34,2652
192.168.129.173,104.16.160.145,4,2640
fe80::1033:ea9f:5050:e2de,ff02::16,26,2640
192.168.128.16,142.250.199.101,17,2620
192.168.128.16,52.69.138.105,26,2591
192.168.33.115,224.0.0.22,43,2580
192.168.130.196,17.253.71.143,33,2574
192.168.100.107,192.168.100.255,10,2560
192.168.128.72,52.220.229.102,33,2526
192.168.128.220,17.248.225.68,33,2526
192.168.100.109,192.168.100.255,9,2518
192.168.128.72,17.253.69.202,32,2496
192.168.33.115,151.101.195.6,2,2484
192.168.129.173,104.17.111.223,2,2484
192.168.128.16,192.168.159.254,8,2478
192.168.100.106,192.168.100.255,8,2476
192.168.100.110,192.168.100.255,8,2476
192.168.100.105,192.168.100.255,8,2476
192.168.131.16,17.23.18.34,32,2464
192.168.100.103,192.168.100.255,7,2434
192.168.100.112,192.168.100.255,7,2434
192.168.100.108,192.168.100.255,7,2434
fe80::14b9:1182:e224:de05,ff02::2,36,2424
192.168.131.192,151.101.3.6,31,2418
192.168.129.88,17.253.71.150,31,2418
192.168.129.88,17.253.69.196,31,2418
192.168.129.69,216.58.220.106,31,2418
192.168.128.220,23.52.128.21,21,2396
192.168.129.200,192.168.159.254,7,2394
192.168.159.254,192.168.129.200,7,2394
192.168.130.44,192.168.159.254,7,2394
192.168.131.172,255.255.255.255,7,2394
192.168.128.160,255.255.255.255,7,2394
192.168.159.254,192.168.130.238,7,2394
192.168.100.104,192.168.100.255,6,2392
192.168.100.101,192.168.100.255,6,2392
192.168.100.102,192.168.100.255,17,2384
192.168.100.111,192.168.100.255,17,2384
192.168.129.212,52.220.188.161,31,2370
192.168.130.196,17.253.69.197,30,2340
192.168.33.247,17.253.69.206,30,2340
192.168.129.212,17.253.69.196,30,2340
192.168.33.120,17.253.69.196,30,2340
192.168.33.120,17.253.69.208,30,2340
192.168.33.115,17.253.71.132,30,2340
192.168.129.200,17.253.69.198,30,2340
192.168.129.200,17.253.71.135,30,2340
192.168.129.200,17.253.71.133,30,2340
192.168.129.88,23.217.68.33,30,2340
192.168.129.200,17.253.69.201,30,2340
192.168.33.120,17.253.69.200,30,2340
192.168.129.200,17.253.69.208,30,2340
192.168.130.196,17.253.71.142,30,2340
192.168.130.196,17.248.225.70,30,2340
192.168.129.69,17.253.69.199,30,2340
192.168.129.200,17.248.225.64,30,2324
192.168.34.66,44.227.190.208,31,2294
192.168.130.196,17.253.69.202,29,2262
192.168.33.115,17.253.71.140,29,2262
192.168.33.115,17.253.71.141,29,2262
192.168.130.196,17.253.71.133,29,2262
192.168.33.120,17.248.225.65,29,2262
192.168.130.192,17.253.69.198,29,2246
::,ff02::1:ffc5:fcc,26,2236
192.168.128.2,192.168.159.255,9,2235
192.168.130.76,224.0.0.251,22,2200
192.168.33.184,17.248.225.70,28,2184
192.168.128.72,17.253.71.141,28,2184
192.168.128.72,17.253.71.146,28,2184
192.168.128.72,17.253.71.152,28,2184
192.168.131.172,17.248.225.66,28,2184
192.168.131.172,17.248.225.65,28,2184
192.168.130.224,17.248.225.44,28,2184
192.168.130.192,17.253.71.145,28,2184
fe80::1cb4:f1f7:c2fe:5f22,ff02::2,32,2160
fe80::1ca0:af5e:3ac4:9dbb,ff02::2,32,2160
192.168.130.44,17.171.47.23,28,2152
104.16.160.145,192.168.128.16,7,2144
192.168.128.16,147.92.191.146,13,2132
192.168.159.254,192.168.128.220,13,2123
192.168.130.224,17.248.225.14,27,2106
192.168.128.72,17.253.69.206,27,2106
192.168.33.184,17.248.225.67,27,2106
192.168.33.247,17.253.71.150,27,2106
192.168.33.120,17.248.225.64,27,2106
192.168.129.88,17.248.225.68,27,2106
192.168.129.69,17.57.145.137,27,2106
192.168.129.69,17.57.145.139,27,2106
192.168.129.69,17.57.145.138,27,2106
192.168.129.69,17.57.145.135,27,2106
192.168.129.69,17.57.145.136,27,2106
192.168.129.69,17.57.145.140,27,2106
192.168.129.69,17.57.145.132,27,2106
192.168.129.69,17.57.145.133,27,2106
192.168.130.192,17.253.69.207,27,2106
192.168.130.104,17.253.71.131,8,2068
fe80::4ec:c184:ed7c:a269,ff02::16,20,2060
192.168.130.104,192.168.159.254,6,2052
192.168.159.254,192.168.130.224,6,2052
192.168.130.104,224.0.0.22,34,2040
192.168.33.184,224.0.0.2,34,2040
fe80::880:903e:2c5b:e9e5,ff02::2,30,2020
fe80::10be:af5d:a02b:a241,ff02::2,30,2012
192.168.129.69,239.255.255.250,12,2004
192.168.128.220,17.253.71.149,16,1979
192.168.128.16,23.51.14.162,22,1968
192.168.130.238,17.248.225.14,25,1950
192.168.131.132,17.57.12.145,25,1950
192.168.129.212,17.253.71.141,25,1950
192.168.130.192,17.253.71.132,25,1934
192.168.33.120,17.42.251.72,25,1918
192.168.33.120,17.42.251.69,25,1918
192.168.130.156,224.0.0.251,19,1900
192.168.128.72,17.253.69.195,24,1872
192.168.130.224,17.253.71.136,24,1872
192.168.130.224,224.0.0.22,31,1860
fe80::ca7:3c49:21f0:240f,ff02::16,17,1850
192.168.129.200,17.57.154.7,24,1824
192.168.129.88,52.220.188.161,24,1824
fe80::42:7ae2:aa1b:cba2,ff02::2,27,1818
::,ff02::1:ffa7:98d,21,1806
192.168.129.88,23.192.46.178,23,1794
192.168.129.88,23.192.46.138,23,1794
192.168.130.196,23.192.46.178,23,1794
192.168.129.88,17.253.69.199,23,1794
192.168.130.224,17.253.69.206,23,1794
192.168.33.247,17.248.167.105,6,1766
192.168.131.16,17.8.138.9,23,1746
192.168.128.72,17.57.152.35,23,1746
fe80::1439:fb62:b039:ea75,ff02::16,17,1730
::,ff02::1:ff89:df8a,20,1720
192.168.128.72,17.253.71.139,22,1716
192.168.33.115,17.242.184.19,22,1716
192.168.130.196,23.192.46.138,22,1716
192.168.128.52,255.255.255.255,5,1710
192.168.130.238,255.255.255.255,5,1710
192.168.130.224,192.168.159.254,5,1710
192.168.34.56,192.168.63.254,5,1710
192.168.128.16,104.16.160.145,8,1706
192.168.128.52,17.248.167.53,5,1704
192.168.33.247,17.248.167.59,5,1688
192.168.129.69,52.220.229.102,22,1684
192.168.129.88,18.139.169.112,22,1684
fe80::8ea:da35:77d2:f31c,ff02::2,25,1678
192.168.130.238,17.248.225.44,21,1638
192.168.130.238,17.248.225.29,21,1638
192.168.33.247,17.253.71.149,21,1638
192.168.128.160,17.248.225.29,21,1638
192.168.129.88,17.253.69.208,21,1638
192.168.130.192,17.253.71.133,21,1638
192.168.130.196,17.253.71.139,21,1638
192.168.130.196,17.253.71.131,21,1638
192.168.130.196,17.253.71.136,21,1638
::,ff02::1:ff9a:9015,19,1634
192.168.130.76,182.248.170.97,21,1622
192.168.130.76,64.233.189.108,21,1622
192.168.130.76,17.56.9.32,21,1622
192.168.130.76,17.248.225.65,21,1622
192.168.130.76,64.233.189.109,21,1622
192.168.130.76,17.156.192.7,21,1622
fe80::18d5:1120:a5f0:a50c,ff02::fb,13,1618
fe80::1427:ab45:78c1:8045,ff02::2,24,1616
fe80::82c:471c:b62e:1a30,ff02::2,24,1616
192.168.130.196,18.178.233.21,20,1580
192.168.129.200,23.204.139.206,20,1560
192.168.33.120,17.253.71.151,20,1560
192.168.131.192,17.57.172.14,20,1560
192.168.131.192,17.57.172.13,20,1560
192.168.129.212,17.138.232.1,20,1560
192.168.33.115,17.57.12.34,20,1560
192.168.33.115,23.52.128.139,20,1560
192.168.33.115,23.52.128.132,20,1560
192.168.33.115,17.253.69.197,20,1560
192.168.33.115,17.253.69.201,20,1560
192.168.128.72,17.145.53.1,20,1560
192.168.129.173,18.178.233.21,20,1560
192.168.130.196,17.253.71.150,20,1560
192.168.130.196,17.253.69.199,20,1560
192.168.128.52,17.57.12.34,20,1560
192.168.129.200,17.253.69.196,20,1560
192.168.128.52,23.52.128.21,20,1560
192.168.128.52,23.52.128.17,20,1560
192.168.131.172,17.111.103.20,20,1560
192.168.128.72,23.204.139.199,20,1560
192.168.129.212,17.253.71.151,20,1560
192.168.129.212,17.253.69.199,20,1560
192.168.129.69,17.253.71.199,20,1560
192.168.129.69,17.253.71.197,20,1560
192.168.129.69,17.253.71.196,20,1560
192.168.129.69,17.253.71.198,20,1560
192.168.129.200,17.253.71.147,20,1560
192.168.129.200,17.253.71.144,20,1560
192.168.131.192,224.0.0.2,26,1560
192.168.129.212,17.253.71.149,20,1560
192.168.129.212,17.145.0.2,20,1560
192.168.128.72,17.138.144.4,20,1560
192.168.129.69,17.253.71.148,20,1560
192.168.130.196,17.253.71.135,20,1560
192.168.129.200,17.253.69.205,20,1560
192.168.129.200,17.253.69.204,20,1560
192.168.129.200,17.253.69.202,20,1560
192.168.129.212,17.253.69.202,20,1560
192.168.129.212,17.138.222.129,20,1560
192.168.129.212,17.253.69.203,20,1560
192.168.129.212,17.253.69.204,20,1560
192.168.129.212,17.253.69.205,20,1560
192.168.130.196,17.253.69.203,20,1560
192.168.130.76,142.251.42.206,20,1560
192.168.129.200,17.253.69.200,20,1560
192.168.128.72,18.178.233.21,20,1560
192.168.128.72,17.253.69.205,20,1560
192.168.128.72,17.138.222.1,20,1560
192.168.128.72,17.253.69.201,20,1560
192.168.33.120,17.253.71.133,20,1560
192.168.33.120,17.253.71.135,20,1560
192.168.129.69,17.253.71.138,20,1560
192.168.129.69,17.253.69.208,20,1560
192.168.129.69,17.248.225.70,20,1544
192.168.129.212,17.8.138.25,20,1544
192.168.130.238,17.248.225.64,19,1482
192.168.130.224,23.52.128.21,19,1482
192.168.128.52,17.253.71.146,19,1482
192.168.128.52,17.253.71.142,19,1482
192.168.33.115,17.253.71.149,19,1482
192.168.129.69,147.92.249.185,19,1482
192.168.129.69,147.92.185.1,19,1482
192.168.129.69,147.92.185.2,19,1482
192.168.129.69,147.92.146.129,19,1482
192.168.129.69,147.92.146.138,19,1482
192.168.128.16,23.62.20.90,10,1471
192.168.131.164,172.224.180.132,2,1470
192.168.131.164,172.224.180.10,2,1470
192.168.131.132,172.224.111.14,2,1470
192.168.131.132,17.248.167.69,2,1470
192.168.131.132,172.224.111.12,2,1470
192.168.131.132,17.248.167.85,2,1470
192.168.131.132,172.224.111.4,2,1470
192.168.131.132,17.248.167.68,2,1470
192.168.128.160,172.224.180.6,2,1470
192.168.128.160,172.224.110.8,2,1470
192.168.128.160,172.224.180.131,2,1470
::,ff02::1:ff0e:9601,17,1462
fe80::1844:2097:3257:9265,ff02::2,21,1422
fe80::cfe:9ed9:2b4e:2a6c,ff02::16,14,1420
fe80::1033:ea9f:5050:e2de,ff02::2,21,1414
192.168.128.72,17.188.179.2,18,1404
192.168.128.72,17.188.179.34,18,1404
192.168.128.72,17.188.143.189,18,1404
192.168.128.72,17.188.178.226,18,1404
192.168.128.72,17.188.143.157,18,1404
192.168.128.72,17.188.143.158,18,1404
192.168.128.72,17.188.143.187,18,1404
192.168.33.115,17.253.69.206,18,1404
192.168.33.115,17.248.225.66,18,1404
192.168.33.115,23.52.128.21,18,1404
192.168.33.115,23.52.128.17,18,1404
192.168.128.52,17.253.71.140,18,1404
192.168.33.247,17.253.69.205,18,1404
192.168.130.196,17.188.182.68,18,1404
192.168.129.200,17.145.0.2,18,1404
192.168.129.69,17.188.171.202,18,1404
192.168.129.69,17.188.168.161,18,1404
192.168.129.69,17.188.170.135,18,1404
192.168.129.69,17.188.172.74,18,1404
192.168.129.69,17.188.171.138,18,1404
192.168.129.69,17.188.171.74,18,1404
192.168.129.69,17.188.172.72,18,1404
192.168.130.196,17.57.145.25,18,1404
192.168.130.196,17.57.145.26,18,1404
192.168.130.196,17.57.145.27,18,1404
192.168.129.88,17.188.178.34,18,1404
192.168.130.76,142.251.42.138,18,1404
192.168.130.76,142.251.42.170,18,1404
192.168.130.76,142.250.196.138,18,1404
192.168.129.69,172.224.110.18,1,1392
192.168.129.69,172.224.111.11,1,1392
192.168.129.69,172.224.110.20,1,1392
192.168.129.69,172.224.110.11,1,1392
192.168.129.69,172.224.180.10,1,1392
192.168.129.69,172.224.111.7,1,1392
192.168.128.160,172.224.180.7,1,1392
::,ff02::1:ffae:9bcb,16,1376
192.168.128.72,255.255.255.255,4,1368
192.168.33.247,192.168.63.254,4,1368
192.168.159.254,192.168.130.76,4,1368
192.168.130.192,255.255.255.255,4,1368
192.168.129.40,255.255.255.255,4,1368
192.168.129.184,192.168.159.254,4,1368
192.168.159.254,192.168.129.184,4,1368
192.168.131.192,17.57.155.39,17,1326
192.168.131.192,17.248.225.64,17,1326
192.168.128.72,17.188.143.125,17,1326
192.168.129.173,17.253.69.200,17,1326
192.168.129.88,17.253.69.201,17,1326
192.168.128.72,17.253.69.197,17,1326
192.168.129.88,17.188.179.2,17,1326
192.168.129.88,17.188.143.187,17,1326
192.168.129.88,17.188.178.2,17,1326
192.168.128.52,17.253.69.208,17,1326
192.168.128.52,17.253.69.198,17,1326
192.168.130.76,172.217.174.106,17,1326
192.168.130.76,172.217.31.138,17,1326
192.168.130.76,142.250.207.10,17,1326
192.168.130.76,142.250.207.42,17,1326
192.168.130.76,142.250.199.106,17,1326
192.168.130.76,142.250.77.170,17,1326
192.168.130.76,142.251.42.202,17,1326
192.168.130.76,216.58.220.106,17,1326
192.168.130.76,142.250.196.106,17,1326
192.168.130.76,172.217.26.234,17,1326
192.168.130.76,172.217.175.234,17,1326
192.168.130.76,172.217.161.74,17,1326
192.168.130.76,172.217.175.42,17,1326
192.168.129.173,104.21.34.165,2,1320
192.168.129.24,224.0.0.22,22,1320
fe80::4c1:291e:f7eb:572e,ff02::2,20,1320
192.168.130.0,224.0.0.22,22,1320
192.168.130.208,224.0.0.22,21,1260
192.168.131.192,17.248.225.65,16,1248
192.168.129.212,17.253.71.137,16,1248
192.168.131.192,17.57.12.34,16,1248
192.168.131.192,106.10.237.24,16,1248
192.168.131.192,23.52.128.21,16,1248
192.168.131.192,23.52.128.17,16,1248
192.168.131.192,106.10.219.26,16,1248
192.168.131.132,8.8.8.8,16,1248
192.168.131.132,8.8.4.4,16,1248
192.168.129.69,17.188.172.10,16,1248
192.168.131.16,13.227.74.106,16,1248
192.168.131.16,13.227.74.72,16,1248
192.168.131.16,13.227.74.77,16,1248
192.168.131.16,13.227.74.40,16,1248
192.168.130.224,17.253.71.149,16,1248
192.168.130.224,17.253.71.133,16,1248
192.168.130.224,17.253.71.142,16,1248
192.168.129.88,17.188.179.34,16,1248
192.168.130.224,17.253.69.204,16,1248
192.168.131.172,151.101.3.6,1,1242
192.168.131.172,151.101.67.6,1,1242
192.168.131.172,151.101.131.6,1,1242
192.168.131.172,151.101.195.6,1,1242
192.168.129.173,172.67.163.20,1,1242
fe80::4ec:c184:ed7c:a269,ff02::2,18,1220
192.168.131.172,224.0.0.22,20,1200
10.4.130.104,192.168.130.104,2,1180
17.248.225.14,192.168.130.104,2,1180
192.168.33.115,17.253.69.205,15,1170
192.168.33.115,17.253.69.203,15,1170
192.168.129.212,17.23.18.34,15,1138
192.168.131.172,17.156.192.7,15,1122
192.168.131.172,49.102.153.239,15,1122
192.168.131.172,17.56.9.32,15,1122
192.168.131.172,49.102.153.240,15,1122
192.168.131.132,17.253.71.139,14,1092
192.168.128.72,17.253.69.203,14,1092
192.168.33.247,23.192.46.178,14,1092
192.168.131.192,17.57.12.145,14,1092
192.168.130.196,17.253.69.200,14,1092
192.168.130.196,17.253.69.205,14,1092
192.168.128.52,17.248.225.14,14,1092
192.168.128.52,17.248.225.44,14,1092
192.168.128.52,17.248.225.29,14,1092
192.168.128.72,17.56.12.226,14,1092
192.168.129.88,17.188.143.126,14,1092
192.168.130.192,17.57.12.145,14,1092
192.168.130.192,17.253.71.142,14,1092
192.168.130.196,17.167.200.72,14,1092
192.168.129.69,17.253.71.131,14,1092
192.168.131.172,57.144.152.144,14,1092
192.168.129.184,224.0.0.22,18,1080
fe80::ca7:3c49:21f0:240f,ff02::2,16,1072
192.168.33.115,17.57.145.54,8,1057
fe80::42c:1442:3878:7cc7,ff02::16,10,1040
192.168.34.66,18.155.202.71,14,1036
192.168.128.16,216.239.32.223,14,1036
192.168.128.220,192.168.159.254,3,1026
192.168.131.16,255.255.255.255,3,1026
192.168.129.212,255.255.255.255,3,1026
192.168.129.88,255.255.255.255,3,1026
192.168.159.254,192.168.130.156,3,1026
192.168.33.247,255.255.255.255,3,1026
192.168.128.160,224.0.0.2,17,1020
192.168.131.132,224.0.0.22,17,1020
192.168.130.196,23.192.46.171,13,1014
192.168.128.160,17.248.225.14,13,1014
192.168.33.120,199.103.24.2,13,1014
fe80::1439:fb62:b039:ea75,ff02::2,15,1010
192.168.130.116,224.0.0.251,10,1000
192.168.33.115,17.57.145.151,7,979
192.168.33.115,17.57.145.132,7,979
192.168.131.164,192.168.63.253,12,962
fe80::e9:702e:a32a:df8a,ff02::fb,8,960
::,ff02::1:ff24:de05,11,946
192.168.128.72,17.253.71.149,12,936
192.168.128.72,17.253.71.140,12,936
192.168.130.44,17.253.69.204,12,936
192.168.130.196,17.253.71.151,12,936
192.168.131.132,17.253.69.202,12,936
192.168.131.132,17.253.69.204,12,936
192.168.129.88,17.188.178.226,12,936
192.168.33.115,57.182.229.142,12,920
192.168.131.172,17.248.225.70,12,920
192.168.128.52,17.56.9.32,12,920
192.168.128.52,17.156.192.7,12,920
192.168.130.192,17.23.18.34,12,920
192.168.128.72,17.8.138.37,12,904
192.168.128.72,17.57.152.32,12,904
192.168.33.184,17.57.145.148,11,902
fe80::18d5:1120:a5f0:a50c,ff02::16,9,890
fe80::187b:419a:d069:4877,ff02::16,8,880
::,ff02::1:ffc4:9dbb,10,860
::,ff02::1:ffeb:572e,10,860
192.168.129.69,17.248.225.65,11,842
192.168.128.72,17.171.47.23,11,842
192.168.129.212,17.33.203.20,11,842
192.168.129.212,17.8.138.9,11,842
192.168.130.44,17.8.138.9,11,842
192.168.130.44,17.8.139.22,11,842
192.168.131.16,17.171.47.23,11,842
192.168.130.192,18.178.233.21,11,842
192.168.130.192,17.253.75.137,11,842
192.168.130.192,17.253.71.153,11,842
192.168.130.192,17.253.69.201,11,842
192.168.130.192,17.253.75.143,11,842
192.168.130.76,17.248.225.66,11,842
192.168.130.76,17.248.225.70,11,842
192.168.33.115,3.115.252.22,11,842
192.168.130.196,17.111.103.20,11,842
192.168.129.69,17.33.195.38,11,842
192.168.130.196,52.220.229.102,11,842
192.168.129.88,118.103.88.103,11,842
192.168.129.88,17.33.195.38,11,842
192.168.130.196,17.248.225.65,11,842
192.168.33.120,224.0.0.22,14,840
192.168.33.247,224.0.0.22,14,840
192.168.129.124,142.251.8.188,9,828
192.168.129.69,18.178.233.21,10,800
192.168.33.247,17.57.12.34,10,780
192.168.33.247,17.253.71.139,10,780
192.168.33.247,57.182.229.142,10,780
192.168.129.200,23.204.139.199,10,780
192.168.33.247,17.253.71.137,10,780
192.168.33.247,23.52.128.21,10,780
192.168.131.192,23.217.68.208,10,780
192.168.33.247,17.253.69.197,10,780
192.168.129.173,17.253.69.199,10,780
192.168.129.212,17.253.71.145,10,780
192.168.129.173,17.253.69.205,10,780
192.168.33.247,23.52.128.17,10,780
192.168.129.212,17.253.69.201,10,780
192.168.33.120,17.253.71.137,10,780
192.168.129.212,17.145.53.1,10,780
192.168.129.88,17.253.71.145,10,780
192.168.129.88,17.253.71.141,10,780
192.168.33.115,17.253.71.136,10,780
192.168.33.115,17.171.47.21,10,780
192.168.128.72,17.138.222.129,10,780
192.168.128.72,17.253.69.207,10,780
192.168.33.120,17.248.225.69,10,780
192.168.130.44,17.253.69.198,10,780
192.168.130.44,17.253.71.136,10,780
192.168.130.44,17.253.69.196,10,780
192.168.130.44,17.253.71.149,10,780
192.168.128.52,17.57.155.39,10,780
192.168.130.196,17.253.69.196,10,780
192.168.128.52,17.253.71.136,10,780
192.168.128.52,17.248.167.85,10,780
192.168.129.200,17.253.69.199,10,780
192.168.129.200,17.253.71.150,10,780
192.168.128.72,23.204.139.206,10,780
192.168.33.120,17.253.69.199,10,780
192.168.33.120,17.253.71.150,10,780
192.168.129.88,17.253.71.151,10,780
192.168.129.200,17.253.71.132,10,780
192.168.131.192,17.253.69.207,10,780
192.168.131.192,64.233.189.109,10,780
192.168.131.192,17.253.69.201,10,780
192.168.131.192,64.233.189.108,10,780
192.168.131.192,17.253.71.148,10,780
192.168.131.192,17.253.71.132,10,780
192.168.131.192,17.248.225.68,10,780
192.168.129.212,17.253.71.136,10,780
192.168.129.212,17.253.71.142,10,780
192.168.129.212,17.253.71.133,10,780
192.168.130.224,23.52.128.75,10,780
192.168.128.72,17.253.69.200,10,780
192.168.130.224,71.18.222.1,10,780
192.168.33.120,57.182.229.142,10,780
192.168.130.196,17.253.69.204,10,780
192.168.130.196,17.253.69.195,10,780
192.168.129.200,17.253.71.152,10,780
192.168.129.200,17.253.71.137,10,780
192.168.33.120,17.253.71.134,10,780
192.168.33.120,17.253.69.195,10,780
192.168.33.120,17.253.71.142,10,780
192.168.129.69,17.253.71.151,10,780
192.168.130.44,17.253.69.199,10,780
192.168.130.44,17.253.69.195,10,780
192.168.128.52,17.253.69.195,10,780
192.168.128.52,17.253.71.133,10,780
192.168.128.52,17.253.69.205,10,780
192.168.128.52,17.253.71.143,10,780
192.168.128.52,23.217.68.33,10,780
192.168.130.192,17.57.12.34,10,780
192.168.130.192,17.253.71.138,10,780
192.168.130.192,17.248.225.67,10,780
192.168.130.192,17.253.68.115,10,780
192.168.130.192,17.253.71.137,10,780
192.168.130.192,17.253.68.241,10,780
192.168.130.192,17.253.68.245,10,780
192.168.130.192,17.248.225.64,10,780
192.168.130.192,64.78.201.1,10,780
192.168.130.192,17.253.68.117,10,780
192.168.130.192,64.78.200.1,10,780
192.168.130.76,23.52.128.21,10,780
192.168.130.76,17.57.12.34,10,780
192.168.130.76,17.253.69.195,10,780
192.168.130.76,17.253.69.202,10,780
192.168.130.76,23.52.128.17,10,780
192.168.130.76,17.253.69.205,10,780
192.168.130.76,17.253.69.203,10,780
192.168.130.76,17.248.225.64,10,780
192.168.130.192,23.52.128.17,10,780
192.168.130.192,23.52.128.21,10,780
192.168.129.173,23.209.45.74,10,780
192.168.129.173,23.209.45.65,10,780
192.168.129.173,23.209.45.66,10,780
192.168.129.173,23.209.45.16,10,780
192.168.129.173,23.209.45.51,10,780
192.168.129.173,23.209.45.50,10,780
192.168.129.173,23.209.45.33,10,780
192.168.129.173,23.209.45.9,10,780
192.168.129.173,23.209.45.11,10,780
192.168.128.72,17.253.71.133,10,780
192.168.128.52,17.23.18.34,10,780
192.168.130.76,23.217.68.33,10,780
192.168.33.115,17.253.71.143,10,780
192.168.33.115,17.253.71.134,10,780
192.168.33.115,17.137.162.2,10,780
192.168.129.69,17.253.69.203,10,780
192.168.129.69,17.253.71.152,10,780
192.168.130.224,64.233.188.109,10,780
192.168.130.224,17.253.71.140,10,780
192.168.130.224,64.233.188.108,10,780
192.168.130.224,17.253.71.144,10,780
192.168.130.192,17.253.69.202,10,780
192.168.130.192,17.253.69.206,10,780
192.168.130.192,17.253.69.204,10,780
192.168.33.115,17.253.69.202,10,780
192.168.33.115,17.253.71.148,10,780
192.168.33.120,199.103.24.4,10,780
192.168.129.88,17.253.69.195,10,780
192.168.129.88,17.253.69.207,10,780
192.168.129.88,17.253.69.205,10,780
192.168.130.196,17.253.71.152,10,780
192.168.130.196,17.253.71.140,10,780
192.168.129.69,17.253.71.201,10,780
192.168.129.69,17.253.71.195,10,780
192.168.130.196,17.253.71.149,10,780
192.168.130.196,17.253.71.137,10,780
192.168.129.88,17.253.71.195,10,780
192.168.129.88,17.253.71.196,10,780
192.168.130.196,17.157.64.79,10,780
192.168.130.196,23.52.128.21,10,780
192.168.130.196,23.52.128.17,10,780
192.168.130.196,17.248.225.66,10,780
192.168.129.69,17.253.71.134,10,780
192.168.130.196,17.253.71.202,10,780
192.168.130.196,23.217.68.33,10,780
192.168.130.196,17.253.71.199,10,780
192.168.130.196,17.8.131.8,10,780
192.168.130.196,17.8.131.136,10,780
192.168.129.88,18.178.233.21,10,780
192.168.130.196,17.8.131.101,10,780
192.168.129.69,23.52.128.21,10,780
192.168.129.69,23.52.128.17,10,780
192.168.129.69,17.253.71.147,10,780
192.168.129.69,17.253.71.145,10,780
192.168.129.69,17.253.69.201,10,780
192.168.129.88,17.248.225.65,10,780
192.168.130.196,17.253.71.144,10,780
192.168.129.69,17.132.112.129,10,780
192.168.129.69,23.217.68.33,10,780
192.168.128.2,150.171.27.10,12,776
192.168.128.2,150.171.28.10,12,776
::,ff02::1:ffd2:f31c,9,774
::,ff02::1:fffe:5f22,9,774
::,ff02::1:ff5b:e9e5,9,774
::,ff02::1:ff1b:cba2,9,774
192.168.130.196,142.250.157.109,10,764
fe80::1c5f:29bc:2532:3ae2,ff02::16,7,750
192.168.130.192,224.0.0.22,12,720
192.168.129.40,224.0.0.22,12,720
192.168.34.56,224.0.0.2,12,720
192.168.131.192,17.188.182.132,9,702
192.168.131.192,17.188.182.68,9,702
192.168.131.192,17.188.182.4,9,702
192.168.129.200,17.253.69.195,9,702
192.168.131.192,17.188.183.4,9,702
192.168.131.192,17.188.182.196,9,702
192.168.131.132,17.188.182.132,9,702
192.168.131.132,17.188.182.196,9,702
192.168.131.132,17.188.182.4,9,702
192.168.131.132,17.188.183.4,9,702
192.168.131.132,17.188.182.68,9,702
192.168.129.173,17.57.145.151,9,702
192.168.129.173,17.57.145.152,9,702
192.168.129.212,106.153.247.8,9,702
192.168.129.212,106.153.247.40,9,702
192.168.129.212,106.153.247.72,9,702
192.168.33.115,17.253.69.199,9,702
192.168.131.192,17.57.145.152,9,702
192.168.131.192,17.57.145.151,9,702
192.168.128.72,17.57.145.139,9,702
192.168.128.72,17.57.145.135,9,702
192.168.128.72,17.57.145.134,9,702
192.168.128.72,17.57.145.138,9,702
192.168.128.72,17.57.145.133,9,702
192.168.128.72,17.57.145.132,9,702
192.168.128.72,17.57.145.136,9,702
192.168.128.72,17.57.145.140,9,702
192.168.129.173,142.250.207.42,9,702
192.168.129.173,173.194.174.95,9,702
192.168.129.173,216.58.220.106,9,702
192.168.129.173,172.217.175.234,9,702
192.168.129.173,142.250.196.138,9,702
192.168.129.173,172.217.31.170,9,702
192.168.129.173,142.250.77.170,9,702
192.168.129.173,172.217.31.138,9,702
192.168.129.173,216.58.220.138,9,702
192.168.129.173,172.217.161.42,9,702
192.168.129.173,172.217.174.106,9,702
192.168.129.173,142.251.42.138,9,702
192.168.129.173,142.251.42.202,9,702
192.168.129.173,172.217.161.74,9,702
192.168.129.173,142.250.199.106,9,702
192.168.129.173,142.251.42.170,9,702
192.168.129.173,172.217.26.234,9,702
192.168.33.115,17.253.71.137,9,702
192.168.128.52,17.248.167.56,9,702
192.168.128.52,17.248.167.102,9,702
192.168.128.52,17.248.167.101,9,702
192.168.128.52,17.248.167.71,9,702
192.168.128.52,17.248.167.88,9,702
192.168.128.52,17.138.222.1,9,702
192.168.128.52,17.253.71.144,9,702
192.168.128.52,17.253.71.152,9,702
192.168.130.196,17.188.171.202,9,702
192.168.130.196,17.188.171.138,9,702
192.168.130.196,17.188.172.72,9,702
192.168.130.196,17.188.172.74,9,702
192.168.130.196,17.188.170.135,9,702
192.168.130.196,17.188.168.161,9,702
192.168.130.44,49.102.155.1,9,702
192.168.131.16,49.102.155.1,9,702
192.168.129.69,17.188.182.68,9,702
192.168.130.224,17.188.143.189,9,702
192.168.130.224,64.233.189.108,9,702
192.168.130.224,17.253.71.143,9,702
192.168.130.224,17.253.69.195,9,702
192.168.130.224,64.233.189.109,9,702
192.168.130.224,17.188.143.126,9,702
192.168.130.224,17.188.179.34,9,702
192.168.130.224,17.188.178.226,9,702
192.168.130.224,17.188.143.125,9,702
192.168.129.88,17.188.171.202,9,702
192.168.131.172,23.217.68.208,9,702
192.168.129.88,17.57.145.25,9,702
192.168.129.88,17.57.145.26,9,702
192.168.129.200,17.188.178.226,9,702
192.168.129.200,17.188.143.158,9,702
192.168.129.200,17.188.172.72,9,702
192.168.129.200,17.188.171.138,9,702
192.168.129.200,17.188.172.74,9,702
192.168.129.200,17.188.170.10,9,702
192.168.129.200,17.188.170.72,9,702
192.168.131.16,17.188.168.161,9,702
192.168.131.16,17.188.183.4,9,702
192.168.131.16,17.188.182.196,9,702
192.168.131.16,17.188.182.68,9,702
192.168.131.16,17.188.182.132,9,702
192.168.131.16,17.188.182.4,9,702
192.168.130.192,17.57.145.153,9,702
192.168.130.192,49.102.155.1,9,702
192.168.130.192,17.57.145.154,9,702
192.168.130.192,17.57.145.150,9,702
192.168.130.192,17.57.145.148,9,702
192.168.130.192,17.57.145.149,9,702
192.168.130.76,142.250.194.142,9,702
192.168.130.76,23.217.70.135,9,702
192.168.129.200,17.57.145.132,9,702
192.168.129.200,17.57.145.136,9,702
192.168.129.200,17.57.145.138,9,702
192.168.129.200,17.57.145.140,9,702
192.168.129.200,17.57.145.139,9,702
192.168.129.200,17.57.145.134,9,702
192.168.129.200,17.57.145.137,9,702
192.168.129.200,17.57.145.135,9,702
192.168.131.16,17.57.145.151,9,702
192.168.131.16,17.57.145.152,9,702
192.168.130.76,17.188.171.74,9,702
192.168.130.76,17.188.170.10,9,702
192.168.130.76,17.188.168.161,9,702
192.168.130.76,17.188.172.74,9,702
192.168.130.76,17.188.171.138,9,702
192.168.130.192,151.101.3.6,9,702
192.168.130.76,17.188.170.72,9,702
192.168.130.76,17.188.172.10,9,702
192.168.130.192,151.101.67.6,9,702
192.168.130.192,151.101.131.6,9,702
192.168.130.192,151.101.195.6,9,702
192.168.130.76,17.57.145.153,9,702
192.168.130.76,17.57.145.150,9,702
192.168.130.76,17.57.145.148,9,702
192.168.130.76,17.57.145.149,9,702
192.168.130.76,17.57.145.154,9,702
192.168.129.200,17.138.176.4,9,702
192.168.131.192,23.217.68.33,9,702
192.168.130.224,23.217.70.135,9,702
192.168.130.192,17.145.53.1,9,702
192.168.130.224,17.253.69.207,9,702
192.168.130.224,17.253.69.202,9,702
192.168.130.44,17.188.143.125,9,702
192.168.130.44,17.188.179.2,9,702
192.168.130.44,17.188.143.187,9,702
192.168.130.44,17.188.143.126,9,702
192.168.130.44,17.188.178.226,9,702
192.168.130.44,17.188.178.2,9,702
192.168.130.44,17.188.143.158,9,702
192.168.130.44,17.188.143.157,9,702
192.168.130.192,17.248.225.69,9,702
192.168.129.212,17.188.143.125,9,702
192.168.129.212,17.188.178.2,9,702
192.168.129.212,17.188.143.189,9,702
192.168.129.212,17.188.179.34,9,702
192.168.129.212,17.188.143.126,9,702
192.168.129.212,17.188.143.187,9,702
192.168.129.212,17.188.179.2,9,702
192.168.129.212,17.188.143.157,9,702
192.168.130.196,17.188.183.4,9,702
192.168.130.196,17.188.182.4,9,702
192.168.130.196,17.188.182.132,9,702
192.168.130.196,17.188.182.196,9,702
192.168.129.69,147.92.191.21,9,702
192.168.129.69,147.92.146.114,9,702
192.168.129.69,147.92.242.232,9,702
192.168.129.69,17.248.225.64,9,702
192.168.34.56,17.57.145.152,9,702
::,ff02::1:ffc1:8045,8,688
::,ff02::1:ff2b:a241,8,688
::,ff02::1:ff2e:1a30,8,688
192.168.131.192,192.168.159.254,2,684
192.168.130.76,192.168.159.254,2,684
192.168.130.76,255.255.255.255,2,684
192.168.130.156,255.255.255.255,2,684
192.168.129.69,255.255.255.255,2,684
192.168.130.238,192.168.159.254,2,684
192.168.130.116,255.255.255.255,2,684
192.168.159.254,192.168.130.116,2,684
192.168.33.115,18.178.233.21,8,644
fe80::563:1c10:f4e3:fd72,ff02::2,9,630
192.168.131.192,17.253.69.200,8,624
192.168.131.192,17.253.69.195,8,624
192.168.131.132,23.52.128.17,8,624
192.168.131.132,23.52.128.21,8,624
192.168.131.132,17.253.69.200,8,624
192.168.33.247,17.253.71.141,8,624
192.168.130.196,17.188.171.74,8,624
192.168.130.196,17.188.172.10,8,624
192.168.128.52,17.253.71.132,8,624
192.168.128.52,17.111.103.20,8,624
192.168.128.160,23.52.128.17,8,624
192.168.128.160,17.57.145.136,8,624
192.168.128.160,17.57.145.132,8,624
192.168.128.160,17.57.145.139,8,624
192.168.128.160,17.57.145.140,8,624
192.168.130.224,17.188.143.187,8,624
192.168.130.224,17.188.179.2,8,624
192.168.130.224,17.188.143.158,8,624
192.168.130.224,17.138.160.4,8,624
192.168.130.224,17.138.175.254,8,624
192.168.129.88,17.188.143.157,8,624
192.168.129.88,17.188.143.189,8,624
192.168.131.172,17.253.69.207,8,624
192.168.131.172,17.138.222.1,8,624
192.168.131.172,17.253.69.204,8,624
192.168.131.172,17.253.69.195,8,624
192.168.131.172,17.253.69.198,8,624
192.168.129.200,17.188.171.74,8,624
192.168.129.200,17.188.172.10,8,624
192.168.129.200,17.188.168.161,8,624
192.168.130.76,52.68.113.29,8,624
192.168.130.76,52.198.115.147,8,624
192.168.130.76,13.113.183.189,8,624
192.168.130.76,17.188.172.72,8,624
192.168.129.69,23.48.114.33,8,624
192.168.33.120,151.101.110.73,8,624
fe80::42c:1442:3878:7cc7,ff02::2,9,606
fe80::cfe:9ed9:2b4e:2a6c,ff02::2,9,606
::,ff02::1:ff32:3ae2,7,602
::,ff02::1:ff50:e2de,7,602
fe80::1cc0:320e:5635:47b7,ff02::fb,5,600
192.168.129.69,224.0.0.251,6,598
192.168.33.247,8.8.8.8,8,592
192.168.33.247,8.8.4.4,8,592
192.168.131.172,8.8.8.8,8,560
192.168.33.247,23.192.46.138,7,546
192.168.33.184,17.248.167.85,7,546
192.168.131.132,17.57.145.55,7,546
192.168.131.132,17.57.145.54,7,546
192.168.129.173,17.253.69.207,7,546
192.168.129.173,17.253.69.201,7,546
192.168.129.173,17.253.69.195,7,546
192.168.129.173,17.253.69.198,7,546
192.168.129.173,17.253.69.202,7,546
192.168.33.247,23.192.46.130,7,546
192.168.33.247,17.253.71.140,7,546
192.168.128.160,17.253.69.205,7,546
192.168.128.160,17.253.69.202,7,546
192.168.129.200,172.224.110.19,7,546
192.168.129.200,172.224.180.136,7,546
192.168.129.200,172.224.180.3,7,546
192.168.130.224,17.248.225.64,7,546
192.168.129.212,17.36.206.7,7,546
192.168.129.212,17.167.200.72,7,546
192.168.129.88,17.253.71.146,7,546
192.168.129.88,17.188.143.158,7,546
192.168.33.115,17.253.71.152,7,546
192.168.33.115,17.253.71.151,7,546
192.168.128.52,17.248.225.67,7,546
192.168.128.52,172.224.180.135,7,546
192.168.128.52,172.224.180.6,7,546
192.168.128.52,172.224.111.8,7,546
192.168.128.52,172.224.111.10,7,546
192.168.129.173,17.253.71.197,7,546
192.168.129.173,17.253.71.198,7,546
192.168.130.192,17.253.71.147,7,546
192.168.130.76,17.57.12.16,7,546
192.168.130.76,17.57.12.243,7,546
192.168.130.76,17.57.12.242,7,546
192.168.130.192,17.253.71.151,7,546
192.168.130.196,17.36.206.8,7,546
192.168.130.224,17.253.69.197,7,546
192.168.129.88,142.251.170.207,7,546
192.168.129.88,142.250.157.207,7,546
192.168.130.196,17.253.71.138,7,546
192.168.130.196,17.253.71.145,7,546
192.168.130.196,17.253.69.206,7,546
192.168.129.88,17.253.71.134,7,546
192.168.130.196,17.36.206.9,7,546
192.168.130.196,17.167.200.71,7,546
192.168.129.69,17.36.206.8,7,546
192.168.129.69,142.250.207.3,7,546
192.168.131.132,31.13.67.175,7,546
192.168.131.132,157.240.14.175,7,546
192.168.131.132,57.144.162.36,7,546
192.168.129.69,23.209.45.42,7,546
192.168.129.69,23.209.45.58,7,546
192.168.129.69,23.209.45.17,7,546
192.168.129.69,23.209.45.27,7,546
192.168.128.72,23.192.46.130,7,546
192.168.128.72,23.192.46.178,7,546
192.168.128.72,31.13.82.3,7,546
192.168.129.88,17.248.167.86,7,546
192.168.130.224,157.240.31.7,7,546
fe80::187b:419a:d069:4877,ff02::2,8,544
192.168.130.116,224.0.0.22,9,540
::,ff02::1:ff57:9265,6,516
::,ff02::1:ff7c:a269,6,516
192.168.128.164,224.0.0.251,5,500
192.168.128.220,224.0.0.2,8,480
fe80::10f4:a90c:9408:219c,ff02::fb,4,472
192.168.129.212,17.253.71.140,6,468
192.168.129.212,17.253.71.152,6,468
192.168.131.192,142.250.157.108,6,468
192.168.131.192,142.250.157.109,6,468
192.168.130.224,17.253.71.151,6,468
192.168.130.224,17.253.71.148,6,468
192.168.130.224,17.253.71.131,6,468
192.168.33.184,17.248.167.101,6,468
192.168.33.184,17.248.167.56,6,468
192.168.33.184,17.248.167.71,6,468
192.168.131.192,17.57.172.4,6,468
192.168.128.52,172.224.180.131,6,468
192.168.128.52,172.224.110.9,6,468
192.168.128.52,172.224.180.7,6,468
192.168.128.52,172.224.110.8,6,468
192.168.33.120,199.103.24.6,6,468
192.168.129.69,23.209.45.48,6,468
192.168.129.69,23.209.45.34,6,468
192.168.129.69,23.209.45.75,6,468
192.168.129.69,23.209.45.25,6,468
192.168.131.172,31.13.82.3,6,468
17.57.145.152,192.168.34.56,5,460
fe80::1897:a806:39ce:2b03,ff02::16,4,440
fe80::1c5f:29bc:2532:3ae2,ff02::2,7,434
::,ff02::1:ff39:ea75,5,430
192.168.131.172,8.8.4.4,6,420
fe80::18d5:1120:a5f0:a50c,ff02::2,6,404
192.168.131.16,224.0.0.251,4,400
192.168.131.132,142.250.157.108,5,390
192.168.130.224,17.253.71.139,5,390
192.168.33.184,17.248.167.68,5,390
192.168.33.247,17.248.225.64,5,390
192.168.128.160,17.57.145.134,3,390
192.168.131.16,63.140.50.158,5,390
192.168.131.16,23.217.181.23,5,390
192.168.131.16,63.140.50.133,5,390
192.168.131.16,63.140.50.20,5,390
192.168.130.224,34.104.30.1,5,390
192.168.131.140,3.168.86.6,5,370
192.168.131.140,216.239.34.223,5,370
192.168.131.140,57.182.58.64,5,370
192.168.130.196,17.253.68.251,4,360
192.168.130.76,224.0.0.22,6,360
192.168.130.156,224.0.0.22,6,360
192.168.131.164,255.255.255.255,1,342
192.168.159.254,192.168.131.164,1,342
192.168.130.44,255.255.255.255,1,342
192.168.130.156,192.168.159.254,1,342
192.168.130.0,192.168.159.254,1,342
192.168.34.56,255.255.255.255,1,342
192.168.128.160,192.168.159.254,1,342
192.168.130.224,255.255.255.255,1,342
192.168.129.24,192.168.159.254,1,342
192.168.33.115,255.255.255.255,1,342
192.168.128.220,18.155.202.13,4,327
169.254.75.179,224.0.0.251,4,320
192.168.131.132,17.248.225.69,4,312
192.168.131.132,17.57.12.34,4,312
192.168.131.132,17.122.46.102,4,312
192.168.131.132,221.110.141.166,4,312
192.168.131.132,17.253.69.208,4,312
192.168.131.132,17.253.69.195,4,312
192.168.131.132,142.250.157.109,4,312
192.168.128.160,17.248.225.44,4,312
192.168.130.224,23.52.128.71,4,312
192.168.130.224,34.107.238.235,4,312
192.168.128.220,8.8.4.4,4,312
192.168.33.120,199.103.24.8,4,312
192.168.129.69,151.101.3.6,4,312
192.168.129.69,151.101.67.6,4,312
192.168.129.69,151.101.131.6,4,312
192.168.129.69,151.101.195.6,4,312
fe80::e9:2846:ad3d:6c50,ff02::fb,3,297
192.168.131.140,142.250.194.131,4,296
192.168.131.140,172.217.31.164,4,296
192.168.131.140,35.72.142.241,4,296
192.168.131.140,3.168.86.26,4,296
192.168.131.140,3.168.86.13,4,296
192.168.131.140,52.196.173.102,4,296
192.168.131.140,3.168.86.39,4,296
192.168.100.11,192.168.100.112,3,294
192.168.33.120,8.8.4.4,4,280
192.168.33.120,8.8.8.8,4,280
192.168.128.16,23.62.20.77,4,272
192.168.128.52,17.253.68.253,3,270
fe80::563:1c10:f4e3:fd72,ff02::16,3,270
::,ff02::1:ff78:7cc7,3,258
::,ff02::1:ff4e:2a6c,3,258
::,ff02::1:fff0:240f,3,258
192.168.129.200,8.8.8.8,4,248
192.168.129.200,8.8.4.4,4,248
fe80::447:c532:79f7:5042,ff02::fb,2,240
192.168.131.16,224.0.0.22,4,240
fe80::1897:a806:39ce:2b03,ff02::fb,2,240
192.168.128.72,224.0.0.251,3,237
192.168.130.238,23.192.46.138,3,234
192.168.130.238,23.192.46.178,3,234
192.168.130.196,23.192.46.195,3,234
192.168.33.247,17.253.71.199,3,234
192.168.131.132,17.248.225.67,3,234
192.168.130.238,17.253.69.197,3,234
192.168.130.238,17.253.71.139,3,234
192.168.130.196,23.192.46.145,3,234
192.168.130.196,23.192.46.120,3,234
192.168.130.196,23.192.46.123,3,234
192.168.33.247,17.253.71.200,3,234
192.168.131.164,23.217.68.33,3,234
192.168.131.132,17.253.71.131,3,234
192.168.131.132,17.138.232.1,3,234
192.168.131.132,17.253.71.150,3,234
192.168.128.52,17.248.167.38,3,234
192.168.33.120,23.53.3.148,3,234
192.168.131.140,3.115.131.22,3,222
fe80::10c3:4ede:13fb:6b1,ff02::16,2,220
fe80::e9:702e:a32a:df8a,ff02::16,2,220
fe80::30b5:fa7f:71f1:cb27,ff02::2,3,210
fe80::1897:a806:39ce:2b03,ff02::2,3,202
fe80::e9:702e:a32a:df8a,ff02::2,3,202
192.168.131.164,224.0.0.251,2,200
192.168.128.16,216.58.220.110,3,198
18.155.202.13,192.168.128.220,3,198
192.168.100.11,192.168.100.108,2,196
192.168.100.11,192.168.100.107,2,196
192.168.100.11,192.168.100.106,2,196
192.168.128.16,23.62.20.108,3,194
192.168.33.115,17.253.68.123,2,180
192.168.130.104,17.253.114.43,2,180
192.168.128.52,17.253.114.43,2,180
192.168.128.160,17.253.68.123,2,180
192.168.131.192,17.253.68.123,2,180
192.168.131.16,103.131.151.30,2,180
192.168.131.16,45.76.211.39,2,180
192.168.131.16,151.248.68.194,2,180
192.168.131.16,167.179.119.205,2,180
192.168.130.224,17.253.68.125,2,180
192.168.129.212,17.253.114.43,2,180
192.168.130.196,17.253.114.43,2,180
192.168.130.192,17.253.68.253,2,180
192.168.130.76,17.253.68.125,2,180
192.168.33.115,17.253.68.125,2,180
192.168.130.224,17.253.114.43,2,180
192.168.129.69,17.253.114.43,2,180
192.168.129.212,224.0.0.22,3,180
::,ff02::1:fffb:6b1,2,172
::,ff02::1:fff0:a50c,2,172
::,ff02::1:ff69:4877,2,172
17.57.145.148,192.168.33.184,2,168
52.6.49.69,192.168.128.16,2,163
192.168.131.132,17.253.71.134,2,156
192.168.130.238,182.248.170.97,2,156
192.168.130.238,17.253.71.142,2,156
192.168.130.44,17.253.71.133,2,156
192.168.33.120,23.52.128.17,2,156
192.168.130.44,17.253.69.203,2,156
192.168.33.120,23.52.128.21,2,156
192.168.130.44,17.253.71.132,2,156
192.168.130.44,17.253.71.135,2,156
192.168.130.238,17.248.225.70,2,156
52.12.246.69,192.168.128.16,2,156
18.246.94.14,192.168.128.16,2,156
98.82.161.174,192.168.128.16,2,156
192.168.129.88,17.253.71.197,2,156
192.168.130.224,17.57.12.34,2,156
192.168.130.224,17.253.69.205,2,156
192.168.131.132,17.253.71.136,2,156
192.168.131.132,17.253.71.149,2,156
192.168.130.224,23.52.128.17,2,156
192.168.130.224,23.216.153.94,2,156
192.168.130.224,23.216.153.73,2,156
192.168.130.224,23.216.153.70,2,156
192.168.130.224,23.216.153.71,2,156
192.168.130.224,23.216.153.72,2,156
192.168.130.224,23.216.153.93,2,156
192.168.129.200,17.138.144.4,2,156
192.168.129.88,17.188.143.125,2,156
192.168.128.52,17.248.167.70,2,156
192.168.33.120,23.53.3.145,2,156
192.168.33.120,23.52.128.71,2,156
192.168.130.224,23.216.153.95,2,156
192.168.130.224,199.103.24.2,2,156
192.168.131.140,74.125.204.188,2,148
23.62.20.108,192.168.128.16,2,148
192.168.131.140,216.239.36.223,2,148
192.168.33.184,17.171.47.23,2,140
192.168.131.172,17.253.71.141,2,140
192.168.131.172,17.253.69.210,2,140
192.168.131.172,17.253.75.137,2,140
192.168.131.172,17.253.75.133,2,140
192.168.131.172,17.253.69.209,2,140
192.168.131.172,17.253.71.135,2,140
23.62.20.77,192.168.128.16,2,140
192.168.128.16,23.51.14.136,2,134
192.168.128.16,23.62.20.96,2,134
192.168.128.16,52.12.246.69,2,132
192.168.128.16,18.246.94.14,2,132
192.168.128.16,98.82.161.174,2,132
192.168.128.16,52.6.49.69,2,132
192.168.129.248,31.13.82.40,2,132
192.168.33.184,8.8.4.4,2,124
192.168.33.184,8.8.8.8,2,124
fe80::10c3:4ede:13fb:6b1,ff02::2,2,124
fe80::923c:1dff:fe90:fa6,ff02::fb,1,120
192.168.129.180,224.0.0.22,2,120
169.254.75.179,224.0.0.2,2,120
fe80::10c3:4ede:13fb:6b1,ff02::fb,1,120
192.168.34.66,224.0.0.251,1,100
192.168.100.11,192.168.100.109,1,98
192.168.100.11,192.168.100.110,1,98
192.168.131.192,17.253.68.125,1,90
fe80::447:c532:79f7:5042,ff02::16,1,90
192.168.33.115,17.253.68.253,1,90
17.253.114.43,192.168.130.104,1,90
192.168.130.104,17.253.68.253,1,90
17.253.68.253,192.168.130.104,1,90
192.168.128.160,17.253.114.43,1,90
192.168.131.192,17.253.68.253,1,90
192.168.130.224,17.253.68.253,1,90
192.168.129.212,17.253.68.251,1,90
192.168.128.52,17.253.68.123,1,90
192.168.130.192,17.253.68.123,1,90
192.168.130.76,17.253.68.251,1,90
192.168.33.115,17.253.114.43,1,90
192.168.130.224,17.253.68.251,1,90
192.168.129.69,17.253.68.253,1,90
::,ff02::1:ffce:2b03,1,86
::,ff02::1:ff2a:df8a,1,86
::,ff02::1:ffe3:fd72,1,86
192.168.129.200,23.192.46.138,1,78
192.168.129.200,23.192.46.178,1,78
192.168.33.120,172.224.180.8,1,78
192.168.130.238,17.253.71.137,1,78
192.168.130.238,17.253.69.196,1,78
192.168.33.120,172.224.180.134,1,78
192.168.33.120,172.224.111.8,1,78
192.168.33.120,172.224.180.4,1,78
192.168.33.120,172.224.110.18,1,78
192.168.33.120,172.224.110.17,1,78
192.168.129.173,17.188.143.189,1,78
192.168.129.173,17.188.143.126,1,78
192.168.131.164,17.248.225.14,1,78
192.168.129.173,17.188.182.196,1,78
192.168.129.173,17.188.182.132,1,78
192.168.129.173,17.188.182.4,1,78
192.168.129.173,17.188.183.4,1,78
192.168.131.164,23.52.128.21,1,78
192.168.129.173,17.188.182.68,1,78
192.168.131.164,23.52.128.17,1,78
192.168.131.164,17.248.167.88,1,78
192.168.33.120,17.57.12.34,1,78
192.168.33.120,17.253.69.207,1,78
192.168.33.120,17.253.69.204,1,78
192.168.33.247,17.253.71.138,1,78
192.168.33.184,17.253.69.203,1,78
192.168.131.192,17.248.225.67,1,78
192.168.131.192,17.248.225.66,1,78
192.168.131.172,17.253.69.208,1,78
192.168.131.172,17.57.12.34,1,78
192.168.131.172,17.253.71.131,1,78
192.168.131.172,17.253.69.196,1,78
192.168.131.172,17.253.71.138,1,78
192.168.131.172,17.253.69.203,1,78
192.168.131.172,17.253.69.202,1,78
192.168.131.172,23.52.128.17,1,78
192.168.131.172,23.52.128.21,1,78
192.168.128.160,17.57.12.34,1,78
192.168.128.160,23.52.128.21,1,78
192.168.128.160,17.57.145.137,1,78
192.168.128.160,17.57.145.135,1,78
192.168.128.160,17.57.145.138,1,78
192.168.130.224,17.253.69.199,1,78
192.168.130.224,23.53.3.135,1,78
192.168.130.224,23.63.233.54,1,78
192.168.130.224,23.53.3.150,1,78
192.168.130.224,23.63.233.52,1,78
192.168.130.224,23.53.3.132,1,78
192.168.130.224,23.63.233.8,1,78
192.168.130.224,34.95.101.116,1,78
192.168.130.224,23.53.3.144,1,78
192.168.130.224,23.63.233.48,1,78
192.168.130.224,23.53.3.139,1,78
192.168.130.224,23.63.233.51,1,78
192.168.130.224,23.63.233.17,1,78
192.168.130.224,23.63.233.58,1,78
192.168.130.224,17.57.145.139,1,78
192.168.130.224,17.57.145.135,1,78
192.168.130.224,17.57.145.137,1,78
192.168.130.224,17.57.145.140,1,78
192.168.129.88,17.57.145.27,1,78
192.168.128.52,17.248.167.69,1,78
192.168.128.220,23.52.128.17,1,78
192.168.130.224,23.63.233.56,1,78
23.51.14.136,192.168.128.16,1,74
23.62.20.96,192.168.128.16,1,74
192.168.128.16,216.239.34.223,1,74
fe80::d482:26aa:3175:4dc3,ff02::2,1,70
fe80::923c:1dff:fe90:fa6,ff02::2,1,70
fe80::1f60:d21d:e0dc:b385,ff02::2,1,70
192.168.63.253,192.168.130.28,1,66
192.168.128.16,142.250.196.110,1,66
192.168.128.16,172.217.174.106,1,66
192.168.128.16,172.217.161.67,1,66
74.125.68.95,192.168.128.16,1,66
192.168.128.16,216.239.36.175,1,66
192.168.128.16,3.168.86.122,1,66
192.168.128.16,99.83.210.132,1,66
192.168.128.16,74.125.203.188,1,66
192.168.128.16,108.139.5.176,1,66
172.19.0.6,192.168.128.220,1,66
192.168.129.124,142.250.196.138,1,66
192.168.33.184,17.57.155.39,1,62
192.168.33.184,17.248.225.65,1,62
192.168.128.72,17.156.192.7,1,62
192.168.128.16,74.125.68.95,1,60
